user_id,gender,age,subscription_tier,signup_date,Casual_comfort,Formal_comfort,Vintage_comfort,Sporty_comfort,Bohemian_comfort,Minimalist_comfort,Casual_willing,Formal_willing,Vintage_willing,Sporty_willing,Bohemian_willing,Minimalist_willing,Casual_avoid,Formal_avoid,Vintage_avoid,Sporty_avoid,Bohemian_avoid,Minimalist_avoid
1,Female,46,Budget,2024-04-16,8,5,7,10,3,7,0,1,0,0,1,0,0,0,0,0,0,0
2,Female,53,Budget,2024-09-02,3,6,5,2,8,6,1,1,1,0,0,1,0,0,0,1,0,0
3,Non-binary,50,Budget,2024-07-12,6,9,1,10,3,7,1,0,0,0,1,0,0,0,1,0,0,0
4,Female,20,Premium,2024-12-14,7,5,9,7,2,4,0,1,0,0,0,1,0,0,0,0,1,0
5,Non-binary,26,Budget,2025-01-22,2,4,7,8,3,1,0,1,0,0,1,0,1,0,0,0,0,1
6,Female,19,Budget,2025-01-28,6,10,4,6,2,10,1,0,1,1,0,0,0,0,0,0,1,0
7,Female,53,Mid-range,2025-01-19,8,7,9,8,5,2,0,0,0,0,1,0,0,0,0,0,0,1
8,Female,42,Budget,2024-11-04,9,1,9,7,9,8,0,0,0,0,0,0,0,1,0,0,0,0
9,Male,41,Budget,2024-06-25,3,1,8,3,3,1,1,0,0,1,1,0,0,1,0,0,0,1
10,Female,58,Premium,2025-01-10,9,8,2,1,7,7,0,0,0,0,0,0,0,0,1,1,0,0
11,Male,52,Mid-range,2024-06-29,6,3,1,3,5,3,1,1,0,1,1,1,0,0,1,0,0,0
12,Female,31,Budget,2025-01-20,9,10,10,3,7,1,0,0,0,1,0,0,0,0,0,0,0,1
13,Female,21,Premium,2024-06-02,7,7,4,7,3,6,0,0,1,0,1,1,0,0,0,0,0,0
14,Female,62,Budget,2024-07-25,5,6,4,10,7,9,1,1,1,0,0,0,0,0,0,0,0,0
15,Female,18,Budget,2024-10-27,9,4,9,3,7,6,0,1,0,1,0,1,0,0,0,0,0,0
16,Female,50,Budget,2024-04-29,8,6,8,9,4,1,0,1,0,0,1,0,0,0,0,0,0,1
17,Non-binary,29,Budget,2024-12-22,2,3,1,5,1,8,0,1,0,1,0,0,1,0,1,0,1,0
18,Male,19,Mid-range,2024-11-07,6,7,5,1,1,3,1,0,1,0,0,1,0,0,0,1,1,0
19,Male,61,Budget,2024-07-01,6,7,4,7,8,1,1,0,1,0,0,0,0,0,0,0,0,1
20,Female,22,Mid-range,2024-10-16,6,6,1,9,6,3,1,1,0,0,1,1,0,0,1,0,0,0
21,Male,53,Budget,2024-11-05,3,3,4,7,4,9,1,1,1,0,1,0,0,0,0,0,0,0
22,Female,57,Budget,2024-06-23,9,9,2,7,10,3,0,0,0,0,0,1,0,0,1,0,0,0
23,Female,43,Premium,2024-10-04,4,1,2,1,5,5,1,0,0,0,1,1,0,1,1,1,0,0
24,Female,26,Budget,2024-10-03,3,3,4,8,6,8,1,1,1,0,1,0,0,0,0,0,0,0
25,Female,28,Premium,2024-12-04,4,6,8,4,3,9,1,1,0,1,1,0,0,0,0,0,0,0
26,Non-binary,35,Budget,2024-10-03,2,2,6,3,9,4,0,0,1,1,0,1,1,1,0,0,0,0
27,Male,31,Budget,2024-11-05,4,8,8,7,3,1,1,0,0,0,1,0,0,0,0,0,0,1
28,Female,29,Mid-range,2024-06-22,6,7,6,6,6,3,1,0,1,1,1,1,0,0,0,0,0,0
29,Female,51,Budget,2024-09-02,1,1,5,3,4,3,0,0,1,1,1,1,1,1,0,0,0,0
30,Female,34,Premium,2024-03-29,5,6,3,9,5,8,1,1,1,0,1,0,0,0,0,0,0,0
31,Female,48,Premium,2024-11-05,1,4,5,7,1,3,0,1,1,0,0,1,1,0,0,0,1,0
32,Female,59,Premium,2024-10-13,10,3,8,8,2,6,0,1,0,0,0,1,0,0,0,0,1,0
33,Male,44,Budget,2024-09-18,10,1,8,1,9,6,0,0,0,0,0,1,0,1,0,1,0,0
34,Female,59,Premium,2024-05-04,3,2,9,8,10,7,1,0,0,0,0,0,0,1,0,0,0,0
35,Female,37,Mid-range,2025-01-21,3,7,2,2,7,6,1,0,0,0,0,1,0,0,1,1,0,0
36,Female,39,Mid-range,2024-12-02,6,1,4,10,6,6,1,0,1,0,1,1,0,1,0,0,0,0
37,Female,61,Premium,2024-05-09,7,4,6,4,3,7,0,1,1,1,1,0,0,0,0,0,0,0
38,Male,59,Budget,2024-07-27,1,8,3,10,7,10,0,0,1,0,0,0,1,0,0,0,0,0
39,Male,40,Budget,2024-12-07,5,1,10,10,1,2,1,0,0,0,0,0,0,1,0,0,1,1
40,Female,42,Mid-range,2024-12-27,5,1,7,5,6,7,1,0,0,1,1,0,0,1,0,0,0,0
41,Female,54,Budget,2024-04-06,5,1,4,5,10,10,1,0,1,1,0,0,0,1,0,0,0,0
42,Female,50,Budget,2024-12-03,5,7,10,10,6,5,1,0,0,0,1,1,0,0,0,0,0,0
43,Male,48,Budget,2025-02-25,3,10,1,8,5,4,1,0,0,0,1,1,0,0,1,0,0,0
44,Male,19,Budget,2024-09-15,4,8,2,3,1,1,1,0,0,1,0,0,0,0,1,0,1,1
45,Female,29,Budget,2025-02-06,1,8,10,2,3,2,0,0,0,0,1,0,1,0,0,1,0,1
46,Male,43,Budget,2024-08-29,10,10,10,2,3,9,0,0,0,0,1,0,0,0,0,1,0,0
47,Female,62,Premium,2024-03-21,8,4,9,5,9,4,0,1,0,1,0,1,0,0,0,0,0,0
48,Female,52,Premium,2024-09-04,4,2,1,7,8,7,1,0,0,0,0,0,0,1,1,0,0,0
49,Female,29,Budget,2025-01-10,7,9,3,9,1,1,0,0,1,0,0,0,0,0,0,0,1,1
50,Female,42,Budget,2024-06-02,3,1,4,9,3,9,1,0,1,0,1,0,0,1,0,0,0,0
51,Non-binary,36,Budget,2025-01-19,5,5,3,9,4,5,1,1,1,0,1,1,0,0,0,0,0,0
52,Female,56,Budget,2024-08-10,10,10,7,10,5,3,0,0,0,0,1,1,0,0,0,0,0,0
53,Female,28,Budget,2024-09-20,9,10,10,1,6,7,0,0,0,0,1,0,0,0,0,1,0,0
54,Female,59,Budget,2024-10-28,10,2,5,5,6,3,0,0,1,1,1,1,0,1,0,0,0,0
55,Female,18,Premium,2024-07-04,1,7,9,4,4,6,0,0,0,1,1,1,1,0,0,0,0,0
56,Male,61,Mid-range,2024-08-05,10,10,3,7,3,2,0,0,1,0,1,0,0,0,0,0,0,1
57,Female,37,Budget,2024-05-05,9,7,1,3,9,1,0,0,0,1,0,0,0,0,1,0,0,1
58,Female,23,Premium,2024-10-17,5,6,5,5,4,3,1,1,1,1,1,1,0,0,0,0,0,0
59,Non-binary,35,Budget,2024-10-20,1,1,5,6,6,3,0,0,1,1,1,1,1,1,0,0,0,0
60,Female,28,Budget,2024-03-30,8,6,8,5,8,10,0,1,0,1,0,0,0,0,0,0,0,0
61,Female,25,Budget,2024-08-24,2,5,9,4,6,1,0,1,0,1,1,0,1,0,0,0,0,1
62,Male,37,Mid-range,2025-03-03,3,6,2,3,5,9,1,1,0,1,1,0,0,0,1,0,0,0
63,Female,62,Budget,2024-06-19,8,1,6,1,2,1,0,0,1,0,0,0,0,1,0,1,1,1
64,Female,42,Premium,2024-05-06,1,1,2,9,3,1,0,0,0,0,1,0,1,1,1,0,0,1
65,Female,34,Mid-range,2025-01-19,5,6,3,5,7,5,1,1,1,1,0,1,0,0,0,0,0,0
66,Female,27,Budget,2024-05-29,5,9,1,3,4,1,1,0,0,1,1,0,0,0,1,0,0,1
67,Male,48,Budget,2024-05-11,10,10,2,6,6,3,0,0,0,1,1,1,0,0,1,0,0,0
68,Female,61,Mid-range,2024-12-28,9,1,7,5,5,2,0,0,0,1,1,0,0,1,0,0,0,1
69,Male,55,Mid-range,2024-05-09,2,6,2,2,2,3,0,1,0,0,0,1,1,0,1,1,1,0
70,Female,50,Mid-range,2024-10-26,7,10,3,1,5,4,0,0,1,0,1,1,0,0,0,1,0,0
71,Female,27,Mid-range,2024-08-20,4,8,5,2,6,5,1,0,1,0,1,1,0,0,0,1,0,0
72,Male,60,Budget,2024-03-18,3,9,7,7,6,8,1,0,0,0,1,0,0,0,0,0,0,0
73,Female,42,Premium,2025-03-08,3,2,10,3,3,5,1,0,0,1,1,1,0,1,0,0,0,0
74,Male,59,Budget,2025-01-26,5,6,1,5,9,10,1,1,0,1,0,0,0,0,1,0,0,0
75,Female,31,Budget,2024-03-28,9,10,9,9,6,8,0,0,0,0,1,0,0,0,0,0,0,0
76,Male,34,Budget,2024-08-11,1,8,1,3,4,8,0,0,0,1,1,0,1,0,1,0,0,0
77,Male,45,Budget,2025-03-10,8,2,10,8,3,7,0,0,0,0,1,0,0,1,0,0,0,0
78,Female,63,Mid-range,2024-11-14,2,10,6,3,3,9,0,0,1,1,1,0,1,0,0,0,0,0
79,Female,27,Mid-range,2025-02-28,1,7,6,10,9,1,0,0,1,0,0,0,1,0,0,0,0,1
80,Female,21,Budget,2024-07-20,9,2,4,6,2,8,0,0,1,1,0,0,0,1,0,0,1,0
81,Male,58,Budget,2024-05-28,4,10,2,8,6,5,1,0,0,0,1,1,0,0,1,0,0,0
82,Male,38,Budget,2024-07-13,7,4,8,7,9,7,0,1,0,0,0,0,0,0,0,0,0,0
83,Male,54,Premium,2024-12-09,6,2,4,4,6,6,1,0,1,1,1,1,0,1,0,0,0,0
84,Male,19,Mid-range,2024-11-15,8,10,3,5,6,10,0,0,1,1,1,0,0,0,0,0,0,0
85,Female,37,Mid-range,2024-04-14,1,1,10,6,5,4,0,0,0,1,1,1,1,1,0,0,0,0
86,Female,50,Budget,2025-02-28,8,10,5,7,10,2,0,0,1,0,0,0,0,0,0,0,0,1
87,Female,37,Budget,2024-12-09,5,9,1,9,8,6,1,0,0,0,0,1,0,0,1,0,0,0
88,Male,22,Premium,2025-02-06,2,5,8,9,2,3,0,1,0,0,0,1,1,0,0,0,1,0
89,Female,39,Budget,2025-03-08,8,9,5,3,5,5,0,0,1,1,1,1,0,0,0,0,0,0
90,Male,31,Mid-range,2024-04-19,4,9,10,9,2,8,1,0,0,0,0,0,0,0,0,0,1,0
91,Female,31,Premium,2024-07-31,6,1,7,1,9,1,1,0,0,0,0,0,0,1,0,1,0,1
92,Female,19,Mid-range,2024-10-30,8,8,3,7,3,6,0,0,1,0,1,1,0,0,0,0,0,0
93,Male,25,Mid-range,2024-12-06,4,1,4,7,4,6,1,0,1,0,1,1,0,1,0,0,0,0
94,Female,44,Mid-range,2024-03-25,4,6,2,10,5,10,1,1,0,0,1,0,0,0,1,0,0,0
95,Male,30,Budget,2024-10-07,4,8,4,8,8,5,1,0,1,0,0,1,0,0,0,0,0,0
96,Male,29,Mid-range,2024-10-16,3,3,4,4,10,5,1,1,1,1,0,1,0,0,0,0,0,0
97,Male,27,Budget,2024-08-15,6,8,7,10,10,8,1,0,0,0,0,0,0,0,0,0,0,0
98,Female,64,Mid-range,2024-11-06,4,4,5,8,5,8,1,1,1,0,1,0,0,0,0,0,0,0
99,Male,45,Budget,2024-06-19,9,6,3,8,9,6,0,1,1,0,0,1,0,0,0,0,0,0
100,Female,63,Budget,2024-04-28,10,4,6,7,9,1,0,1,1,0,0,0,0,0,0,0,0,1
101,Male,57,Mid-range,2024-11-16,9,5,9,10,4,9,0,1,0,0,1,0,0,0,0,0,0,0
102,Female,52,Budget,2024-03-31,9,10,6,2,7,2,0,0,1,0,0,0,0,0,0,1,0,1
103,Female,60,Budget,2024-08-27,3,6,8,9,7,4,1,1,0,0,0,1,0,0,0,0,0,0
104,Male,50,Budget,2024-04-10,6,10,2,5,1,7,1,0,0,1,0,0,0,0,1,0,1,0
105,Non-binary,37,Budget,2024-08-14,8,1,7,1,7,3,0,0,0,0,0,1,0,1,0,1,0,0
106,Male,47,Budget,2024-08-31,8,3,2,1,3,2,0,1,0,0,1,0,0,0,1,1,0,1
107,Female,47,Mid-range,2024-05-29,4,1,8,7,7,3,1,0,0,0,0,1,0,1,0,0,0,0
108,Male,36,Mid-range,2024-04-26,1,7,7,2,7,8,0,0,0,0,0,0,1,0,0,1,0,0
109,Female,20,Budget,2024-12-06,8,6,9,5,3,3,0,1,0,1,1,1,0,0,0,0,0,0
110,Female,25,Budget,2024-08-02,8,8,4,4,5,6,0,0,1,1,1,1,0,0,0,0,0,0
111,Male,35,Budget,2025-02-05,7,1,7,5,3,3,0,0,0,1,1,1,0,1,0,0,0,0
112,Female,35,Premium,2024-11-14,5,4,10,2,3,7,1,1,0,0,1,0,0,0,0,1,0,0
113,Male,22,Budget,2024-04-05,9,2,5,3,4,10,0,0,1,1,1,0,0,1,0,0,0,0
114,Female,34,Premium,2025-02-27,8,7,1,2,3,1,0,0,0,0,1,0,0,0,1,1,0,1
115,Female,19,Mid-range,2025-02-12,7,9,6,6,4,10,0,0,1,1,1,0,0,0,0,0,0,0
116,Male,40,Mid-range,2025-02-07,6,2,5,10,4,9,1,0,1,0,1,0,0,1,0,0,0,0
117,Female,42,Budget,2024-05-30,7,5,10,6,5,9,0,1,0,1,1,0,0,0,0,0,0,0
118,Female,57,Budget,2024-09-04,9,5,7,10,1,10,0,1,0,0,0,0,0,0,0,0,1,0
119,Female,19,Budget,2025-02-12,1,3,5,4,3,10,0,1,1,1,1,0,1,0,0,0,0,0
120,Female,57,Budget,2024-12-05,4,1,7,8,3,6,1,0,0,0,1,1,0,1,0,0,0,0
121,Female,41,Premium,2024-07-29,5,8,1,10,4,4,1,0,0,0,1,1,0,0,1,0,0,0
122,Female,34,Budget,2024-08-24,2,9,10,2,5,9,0,0,0,0,1,0,1,0,0,1,0,0
123,Female,18,Budget,2024-07-27,8,10,9,7,3,3,0,0,0,0,1,1,0,0,0,0,0,0
124,Male,47,Budget,2024-05-06,3,5,1,1,10,9,1,1,0,0,0,0,0,0,1,1,0,0
125,Female,29,Mid-range,2024-08-27,8,3,8,5,1,7,0,1,0,1,0,0,0,0,0,0,1,0
126,Non-binary,35,Budget,2024-06-04,10,9,10,10,7,1,0,0,0,0,0,0,0,0,0,0,0,1
127,Female,24,Budget,2024-05-02,5,7,9,3,8,2,1,0,0,1,0,0,0,0,0,0,0,1
128,Female,35,Mid-range,2024-06-13,4,7,3,2,10,7,1,0,1,0,0,0,0,0,0,1,0,0
129,Female,41,Budget,2024-03-14,2,3,5,8,10,7,0,1,1,0,0,0,1,0,0,0,0,0
130,Female,21,Mid-range,2024-07-29,9,2,1,10,2,7,0,0,0,0,0,0,0,1,1,0,1,0
131,Female,47,Budget,2024-07-20,2,3,7,4,1,5,0,1,0,1,0,1,1,0,0,0,1,0
132,Female,61,Premium,2024-09-17,10,9,7,4,5,1,0,0,0,1,1,0,0,0,0,0,0,1
133,Male,31,Budget,2024-12-30,2,4,2,5,9,1,0,1,0,1,0,0,1,0,1,0,0,1
134,Male,41,Budget,2024-04-28,10,5,5,6,7,8,0,1,1,1,0,0,0,0,0,0,0,0
135,Female,28,Premium,2024-10-16,2,9,7,4,4,8,0,0,0,1,1,0,1,0,0,0,0,0
136,Female,62,Budget,2024-06-27,2,9,10,9,1,10,0,0,0,0,0,0,1,0,0,0,1,0
137,Female,22,Budget,2024-07-15,7,1,9,3,4,10,0,0,0,1,1,0,0,1,0,0,0,0
138,Male,59,Mid-range,2024-06-17,2,1,8,3,3,6,0,0,0,1,1,1,1,1,0,0,0,0
139,Male,64,Budget,2024-11-10,4,5,2,9,8,3,1,1,0,0,0,1,0,0,1,0,0,0
140,Male,26,Budget,2024-07-30,2,10,9,8,9,5,0,0,0,0,0,1,1,0,0,0,0,0
141,Female,32,Budget,2024-12-22,5,10,2,6,5,5,1,0,0,1,1,1,0,0,1,0,0,0
142,Male,62,Budget,2025-02-01,3,10,3,8,8,2,1,0,1,0,0,0,0,0,0,0,0,1
143,Female,62,Mid-range,2024-09-13,8,3,8,1,9,9,0,1,0,0,0,0,0,0,0,1,0,0
144,Female,44,Mid-range,2024-10-04,7,5,10,9,3,7,0,1,0,0,1,0,0,0,0,0,0,0
145,Male,47,Premium,2024-07-23,2,4,2,7,2,1,0,1,0,0,0,0,1,0,1,0,1,1
146,Female,48,Budget,2024-07-23,8,3,6,3,7,10,0,1,1,1,0,0,0,0,0,0,0,0
147,Non-binary,45,Mid-range,2024-04-23,5,6,4,4,4,2,1,1,1,1,1,0,0,0,0,0,0,1
148,Male,34,Mid-range,2024-11-13,1,10,6,1,6,10,0,0,1,0,1,0,1,0,0,1,0,0
149,Male,31,Premium,2024-12-24,4,3,4,7,1,6,1,1,1,0,0,1,0,0,0,0,1,0
150,Female,28,Mid-range,2025-02-02,10,2,2,4,1,3,0,0,0,1,0,1,0,1,1,0,1,0
151,Female,46,Mid-range,2024-07-20,4,2,4,6,3,1,1,0,1,1,1,0,0,1,0,0,0,1
152,Male,46,Premium,2024-06-29,5,4,6,3,9,5,1,1,1,1,0,1,0,0,0,0,0,0
153,Male,55,Budget,2025-01-12,3,1,9,8,2,8,1,0,0,0,0,0,0,1,0,0,1,0
154,Male,34,Budget,2025-02-17,8,2,4,7,3,5,0,0,1,0,1,1,0,1,0,0,0,0
155,Female,20,Budget,2024-09-28,9,7,1,4,4,9,0,0,0,1,1,0,0,0,1,0,0,0
156,Male,39,Mid-range,2024-06-09,5,2,8,8,1,8,1,0,0,0,0,0,0,1,0,0,1,0
157,Male,35,Budget,2024-06-19,6,9,1,6,9,8,1,0,0,1,0,0,0,0,1,0,0,0
158,Female,41,Budget,2024-07-14,9,6,6,4,1,10,0,1,1,1,0,0,0,0,0,0,1,0
159,Male,19,Mid-range,2024-08-31,9,1,4,10,6,7,0,0,1,0,1,0,0,1,0,0,0,0
160,Non-binary,43,Mid-range,2024-04-30,2,2,10,7,1,8,0,0,0,0,0,0,1,1,0,0,1,0
161,Female,23,Mid-range,2024-09-16,9,7,9,2,8,8,0,0,0,0,0,0,0,0,0,1,0,0
162,Female,37,Budget,2025-03-10,7,4,4,6,10,6,0,1,1,1,0,1,0,0,0,0,0,0
163,Male,59,Budget,2024-10-17,2,6,7,9,3,10,0,1,0,0,1,0,1,0,0,0,0,0
164,Non-binary,53,Mid-range,2024-08-14,7,5,7,3,2,6,0,1,0,1,0,1,0,0,0,0,1,0
165,Male,49,Mid-range,2024-04-15,3,10,3,3,6,1,1,0,1,1,1,0,0,0,0,0,0,1
166,Male,38,Mid-range,2025-01-22,8,4,5,4,4,8,0,1,1,1,1,0,0,0,0,0,0,0
167,Female,49,Mid-range,2024-06-24,10,5,2,4,2,2,0,1,0,1,0,0,0,0,1,0,1,1
168,Female,29,Budget,2025-03-05,2,8,5,1,3,10,0,0,1,0,1,0,1,0,0,1,0,0
169,Female,47,Budget,2024-04-29,2,7,5,5,6,9,0,0,1,1,1,0,1,0,0,0,0,0
170,Male,64,Mid-range,2024-10-19,7,9,4,2,7,6,0,0,1,0,0,1,0,0,0,1,0,0
171,Female,45,Budget,2024-05-16,5,5,1,8,8,4,1,1,0,0,0,1,0,0,1,0,0,0
172,Male,48,Budget,2024-10-31,3,6,10,10,9,1,1,1,0,0,0,0,0,0,0,0,0,1
173,Male,60,Premium,2024-08-21,9,6,4,9,5,5,0,1,1,0,1,1,0,0,0,0,0,0
174,Female,61,Budget,2025-02-21,6,4,2,2,9,5,1,1,0,0,0,1,0,0,1,1,0,0
175,Male,18,Budget,2024-09-15,6,5,5,5,1,1,1,1,1,1,0,0,0,0,0,0,1,1
176,Male,59,Budget,2025-02-02,2,8,2,9,2,9,0,0,0,0,0,0,1,0,1,0,1,0
177,Female,64,Mid-range,2024-07-22,7,6,4,7,4,2,0,1,1,0,1,0,0,0,0,0,0,1
178,Female,25,Premium,2024-09-19,1,7,8,6,5,6,0,0,0,1,1,1,1,0,0,0,0,0
179,Female,43,Budget,2024-12-27,2,2,1,10,8,8,0,0,0,0,0,0,1,1,1,0,0,0
180,Male,42,Mid-range,2024-12-13,1,1,3,5,5,9,0,0,1,1,1,0,1,1,0,0,0,0
181,Male,19,Premium,2024-07-11,6,9,1,9,9,9,1,0,0,0,0,0,0,0,1,0,0,0
182,Female,58,Budget,2024-12-21,2,6,4,6,3,6,0,1,1,1,1,1,1,0,0,0,0,0
183,Female,40,Budget,2024-10-21,1,8,6,7,9,5,0,0,1,0,0,1,1,0,0,0,0,0
184,Female,24,Mid-range,2024-12-01,3,9,1,1,1,3,1,0,0,0,0,1,0,0,1,1,1,0
185,Male,52,Budget,2024-04-19,10,2,9,3,5,10,0,0,0,1,1,0,0,1,0,0,0,0
186,Female,23,Premium,2024-06-15,10,9,5,2,5,4,0,0,1,0,1,1,0,0,0,1,0,0
187,Female,40,Premium,2024-05-25,2,5,7,7,5,9,0,1,0,0,1,0,1,0,0,0,0,0
188,Female,32,Budget,2025-02-14,6,3,2,4,5,4,1,1,0,1,1,1,0,0,1,0,0,0
189,Female,45,Mid-range,2024-12-13,10,4,2,2,1,4,0,1,0,0,0,1,0,0,1,1,1,0
190,Male,28,Budget,2024-05-19,10,7,7,8,1,10,0,0,0,0,0,0,0,0,0,0,1,0
191,Female,37,Budget,2024-11-15,7,6,1,8,10,7,0,1,0,0,0,0,0,0,1,0,0,0
192,Female,45,Budget,2024-12-31,9,10,8,10,9,10,0,0,0,0,0,0,0,0,0,0,0,0
193,Female,43,Budget,2024-08-23,4,2,8,3,4,7,1,0,0,1,1,0,0,1,0,0,0,0
194,Female,36,Mid-range,2024-11-25,1,7,2,5,1,3,0,0,0,1,0,1,1,0,1,0,1,0
195,Female,38,Budget,2024-07-02,5,3,7,10,9,9,1,1,0,0,0,0,0,0,0,0,0,0
196,Male,52,Mid-range,2024-07-15,2,3,10,6,7,9,0,1,0,1,0,0,1,0,0,0,0,0
197,Male,41,Budget,2024-11-24,3,4,10,6,10,7,1,1,0,1,0,0,0,0,0,0,0,0
198,Male,57,Mid-range,2024-08-29,4,3,9,8,1,6,1,1,0,0,0,1,0,0,0,0,1,0
199,Female,19,Mid-range,2024-05-17,5,8,6,8,2,3,1,0,1,0,0,1,0,0,0,0,1,0
200,Male,20,Budget,2024-03-24,2,7,2,6,1,3,0,0,0,1,0,1,1,0,1,0,1,0
201,Female,25,Mid-range,2024-10-06,10,4,5,9,7,10,0,1,1,0,0,0,0,0,0,0,0,0
202,Female,33,Budget,2024-11-15,8,4,3,7,3,8,0,1,1,0,1,0,0,0,0,0,0,0
203,Non-binary,57,Mid-range,2024-07-25,1,9,5,4,6,6,0,0,1,1,1,1,1,0,0,0,0,0
204,Female,33,Mid-range,2024-07-19,4,2,4,1,7,2,1,0,1,0,0,0,0,1,0,1,0,1
205,Female,38,Budget,2024-10-10,9,9,1,3,4,7,0,0,0,1,1,0,0,0,1,0,0,0
206,Female,23,Premium,2024-09-28,6,5,4,10,1,10,1,1,1,0,0,0,0,0,0,0,1,0
207,Female,52,Mid-range,2024-10-01,10,6,3,7,4,9,0,1,1,0,1,0,0,0,0,0,0,0
208,Male,19,Budget,2024-07-03,4,2,10,9,2,9,1,0,0,0,0,0,0,1,0,0,1,0
209,Female,53,Mid-range,2025-02-16,1,6,4,3,3,9,0,1,1,1,1,0,1,0,0,0,0,0
210,Female,51,Budget,2024-05-01,2,4,9,4,4,2,0,1,0,1,1,0,1,0,0,0,0,1
211,Female,49,Budget,2024-06-20,2,7,3,3,5,3,0,0,1,1,1,1,1,0,0,0,0,0
212,Male,28,Mid-range,2024-10-15,8,9,7,3,9,3,0,0,0,1,0,1,0,0,0,0,0,0
213,Male,63,Budget,2024-12-02,1,4,4,7,8,1,0,1,1,0,0,0,1,0,0,0,0,1
214,Female,46,Mid-range,2025-03-06,6,7,2,5,4,3,1,0,0,1,1,1,0,0,1,0,0,0
215,Female,39,Premium,2024-07-10,5,6,5,7,2,5,1,1,1,0,0,1,0,0,0,0,1,0
216,Female,38,Mid-range,2024-07-14,10,8,7,5,1,5,0,0,0,1,0,1,0,0,0,0,1,0
217,Female,35,Budget,2024-06-30,4,1,3,1,5,4,1,0,1,0,1,1,0,1,0,1,0,0
218,Male,43,Budget,2024-08-04,2,4,2,8,3,9,0,1,0,0,1,0,1,0,1,0,0,0
219,Female,55,Budget,2024-11-04,10,1,9,1,8,9,0,0,0,0,0,0,0,1,0,1,0,0
220,Female,46,Budget,2024-06-22,2,10,8,5,7,2,0,0,0,1,0,0,1,0,0,0,0,1
221,Female,25,Budget,2024-12-16,1,7,8,3,5,1,0,0,0,1,1,0,1,0,0,0,0,1
222,Female,30,Budget,2025-02-24,7,1,3,8,3,8,0,0,1,0,1,0,0,1,0,0,0,0
223,Non-binary,38,Budget,2024-06-25,4,4,3,7,3,3,1,1,1,0,1,1,0,0,0,0,0,0
224,Female,49,Budget,2024-04-18,10,6,1,8,8,9,0,1,0,0,0,0,0,0,1,0,0,0
225,Female,20,Budget,2024-09-04,4,9,9,9,10,7,1,0,0,0,0,0,0,0,0,0,0,0
226,Female,27,Mid-range,2024-06-15,8,2,6,5,2,10,0,0,1,1,0,0,0,1,0,0,1,0
227,Male,35,Budget,2024-08-12,9,8,10,9,2,6,0,0,0,0,0,1,0,0,0,0,1,0
228,Female,63,Budget,2024-06-18,5,3,10,7,7,1,1,1,0,0,0,0,0,0,0,0,0,1
229,Female,35,Mid-range,2024-10-14,5,8,8,7,7,6,1,0,0,0,0,1,0,0,0,0,0,0
230,Non-binary,39,Mid-range,2024-12-15,2,2,5,4,2,3,0,0,1,1,0,1,1,1,0,0,1,0
231,Male,39,Mid-range,2025-02-11,1,8,3,6,3,7,0,0,1,1,1,0,1,0,0,0,0,0
232,Female,64,Premium,2024-03-14,5,8,10,10,8,1,1,0,0,0,0,0,0,0,0,0,0,1
233,Female,18,Budget,2024-05-15,3,10,2,9,10,5,1,0,0,0,0,1,0,0,1,0,0,0
234,Female,44,Mid-range,2024-05-03,9,4,4,6,10,10,0,1,1,1,0,0,0,0,0,0,0,0
235,Male,34,Budget,2024-08-02,9,2,5,9,4,3,0,0,1,0,1,1,0,1,0,0,0,0
236,Male,36,Premium,2024-07-29,4,4,4,10,8,6,1,1,1,0,0,1,0,0,0,0,0,0
237,Male,55,Budget,2024-09-06,8,7,5,10,6,4,0,0,1,0,1,1,0,0,0,0,0,0
238,Female,37,Budget,2025-01-17,7,4,3,8,5,10,0,1,1,0,1,0,0,0,0,0,0,0
239,Female,41,Mid-range,2024-10-12,2,3,3,1,3,6,0,1,1,0,1,1,1,0,0,1,0,0
240,Male,47,Premium,2024-09-11,5,4,3,4,7,1,1,1,1,1,0,0,0,0,0,0,0,1
241,Male,45,Mid-range,2024-10-16,9,6,1,1,6,4,0,1,0,0,1,1,0,0,1,1,0,0
242,Female,44,Mid-range,2025-01-11,7,9,10,5,9,4,0,0,0,1,0,1,0,0,0,0,0,0
243,Non-binary,20,Budget,2025-02-06,1,6,6,1,3,5,0,1,1,0,1,1,1,0,0,1,0,0
244,Female,22,Premium,2024-03-22,5,4,1,5,10,5,1,1,0,1,0,1,0,0,1,0,0,0
245,Male,21,Budget,2024-12-03,7,2,3,1,8,9,0,0,1,0,0,0,0,1,0,1,0,0
246,Female,63,Mid-range,2024-03-14,9,4,8,9,4,5,0,1,0,0,1,1,0,0,0,0,0,0
247,Male,39,Budget,2024-08-08,3,7,8,10,6,10,1,0,0,0,1,0,0,0,0,0,0,0
248,Female,61,Budget,2025-02-20,4,8,4,2,10,9,1,0,1,0,0,0,0,0,0,1,0,0
249,Female,50,Mid-range,2024-10-10,6,2,8,4,8,7,1,0,0,1,0,0,0,1,0,0,0,0
250,Female,31,Mid-range,2024-08-07,10,5,2,5,3,7,0,1,0,1,1,0,0,0,1,0,0,0
251,Male,36,Budget,2024-08-29,5,9,9,1,2,5,1,0,0,0,0,1,0,0,0,1,1,0
252,Female,24,Mid-range,2024-12-17,1,1,8,2,10,9,0,0,0,0,0,0,1,1,0,1,0,0
253,Female,51,Budget,2025-03-11,6,2,1,10,5,5,1,0,0,0,1,1,0,1,1,0,0,0
254,Female,19,Budget,2025-01-13,3,7,6,8,8,6,1,0,1,0,0,1,0,0,0,0,0,0
255,Female,49,Budget,2024-07-24,4,10,4,4,6,8,1,0,1,1,1,0,0,0,0,0,0,0
256,Female,39,Budget,2024-07-08,9,8,10,10,1,2,0,0,0,0,0,0,0,0,0,0,1,1
257,Female,25,Budget,2024-06-07,10,4,3,6,7,4,0,1,1,1,0,1,0,0,0,0,0,0
258,Female,60,Mid-range,2024-09-30,3,8,10,8,8,9,1,0,0,0,0,0,0,0,0,0,0,0
259,Male,25,Mid-range,2024-06-23,8,2,10,4,6,2,0,0,0,1,1,0,0,1,0,0,0,1
260,Female,62,Premium,2025-03-05,2,8,6,1,1,7,0,0,1,0,0,0,1,0,0,1,1,0
261,Female,60,Budget,2025-01-09,6,6,3,9,7,1,1,1,1,0,0,0,0,0,0,0,0,1
262,Female,38,Mid-range,2025-02-16,2,4,6,10,7,5,0,1,1,0,0,1,1,0,0,0,0,0
263,Male,21,Mid-range,2024-10-30,2,10,5,3,9,4,0,0,1,1,0,1,1,0,0,0,0,0
264,Female,61,Premium,2024-11-02,2,9,5,8,2,6,0,0,1,0,0,1,1,0,0,0,1,0
265,Female,47,Budget,2024-09-14,5,8,10,1,5,3,1,0,0,0,1,1,0,0,0,1,0,0
266,Female,64,Budget,2024-05-28,9,7,6,1,5,3,0,0,1,0,1,1,0,0,0,1,0,0
267,Male,33,Budget,2024-10-16,3,8,8,7,6,9,1,0,0,0,1,0,0,0,0,0,0,0
268,Male,25,Budget,2024-07-29,3,4,10,9,6,5,1,1,0,0,1,1,0,0,0,0,0,0
269,Female,63,Mid-range,2024-11-18,4,1,7,9,3,2,1,0,0,0,1,0,0,1,0,0,0,1
270,Female,44,Mid-range,2024-09-04,2,8,6,4,5,8,0,0,1,1,1,0,1,0,0,0,0,0
271,Female,47,Premium,2024-12-01,4,1,9,8,8,10,1,0,0,0,0,0,0,1,0,0,0,0
272,Male,36,Premium,2024-08-19,3,10,3,9,4,7,1,0,1,0,1,0,0,0,0,0,0,0
273,Female,36,Premium,2024-05-31,8,6,5,4,8,1,0,1,1,1,0,0,0,0,0,0,0,1
274,Male,50,Budget,2025-01-04,9,5,3,9,9,4,0,1,1,0,0,1,0,0,0,0,0,0
275,Female,19,Mid-range,2024-06-19,6,9,8,7,1,3,1,0,0,0,0,1,0,0,0,0,1,0
276,Non-binary,38,Mid-range,2024-08-24,5,4,5,3,1,5,1,1,1,1,0,1,0,0,0,0,1,0
277,Female,21,Premium,2024-04-15,2,8,1,8,7,8,0,0,0,0,0,0,1,0,1,0,0,0
278,Female,63,Mid-range,2025-02-20,9,3,10,4,6,8,0,1,0,1,1,0,0,0,0,0,0,0
279,Female,37,Mid-range,2024-12-27,3,4,7,7,4,6,1,1,0,0,1,1,0,0,0,0,0,0
280,Female,39,Budget,2024-12-16,8,2,7,9,1,8,0,0,0,0,0,0,0,1,0,0,1,0
281,Female,39,Budget,2024-12-10,1,6,10,8,3,10,0,1,0,0,1,0,1,0,0,0,0,0
282,Female,52,Budget,2024-05-15,3,4,8,1,6,1,1,1,0,0,1,0,0,0,0,1,0,1
283,Male,25,Budget,2024-09-02,1,10,7,5,5,1,0,0,0,1,1,0,1,0,0,0,0,1
284,Female,60,Budget,2025-02-24,9,9,8,5,1,9,0,0,0,1,0,0,0,0,0,0,1,0
285,Male,56,Mid-range,2024-11-24,7,3,1,8,3,8,0,1,0,0,1,0,0,0,1,0,0,0
286,Female,50,Premium,2024-10-06,7,10,5,8,9,7,0,0,1,0,0,0,0,0,0,0,0,0
287,Male,40,Budget,2024-11-06,4,2,2,2,4,1,1,0,0,0,1,0,0,1,1,1,0,1
288,Female,54,Budget,2024-10-21,8,4,1,1,10,3,0,1,0,0,0,1,0,0,1,1,0,0
289,Female,19,Mid-range,2025-01-21,9,10,2,3,10,2,0,0,0,1,0,0,0,0,1,0,0,1
290,Female,56,Premium,2024-03-28,4,6,5,2,6,3,1,1,1,0,1,1,0,0,0,1,0,0
291,Male,34,Mid-range,2025-01-10,3,1,7,10,5,5,1,0,0,0,1,1,0,1,0,0,0,0
292,Female,48,Budget,2024-12-04,8,9,6,5,6,2,0,0,1,1,1,0,0,0,0,0,0,1
293,Male,26,Budget,2024-03-18,10,2,3,3,9,7,0,0,1,1,0,0,0,1,0,0,0,0
294,Female,49,Budget,2024-05-27,9,6,4,1,8,7,0,1,1,0,0,0,0,0,0,1,0,0
295,Male,54,Mid-range,2024-10-07,5,8,1,1,4,3,1,0,0,0,1,1,0,0,1,1,0,0
296,Female,35,Mid-range,2024-09-18,1,1,6,5,8,2,0,0,1,1,0,0,1,1,0,0,0,1
297,Male,29,Mid-range,2025-01-05,4,1,2,5,8,8,1,0,0,1,0,0,0,1,1,0,0,0
298,Non-binary,21,Budget,2025-02-11,6,10,3,2,6,5,1,0,1,0,1,1,0,0,0,1,0,0
299,Male,54,Premium,2024-08-24,5,3,7,6,4,2,1,1,0,1,1,0,0,0,0,0,0,1
300,Non-binary,30,Mid-range,2024-05-12,4,1,6,4,5,5,1,0,1,1,1,1,0,1,0,0,0,0
301,Female,62,Mid-range,2024-07-06,7,3,3,10,2,3,0,1,1,0,0,1,0,0,0,0,1,0
302,Male,63,Mid-range,2024-11-08,5,7,4,3,1,8,1,0,1,1,0,0,0,0,0,0,1,0
303,Female,64,Premium,2024-08-11,4,3,1,3,2,8,1,1,0,1,0,0,0,0,1,0,1,0
304,Female,36,Budget,2024-10-17,5,8,5,1,5,4,1,0,1,0,1,1,0,0,0,1,0,0
305,Male,44,Premium,2024-09-10,6,6,5,6,7,5,1,1,1,1,0,1,0,0,0,0,0,0
306,Male,63,Budget,2024-03-26,6,1,3,3,10,4,1,0,1,1,0,1,0,1,0,0,0,0
307,Female,53,Budget,2024-09-15,1,8,7,9,3,2,0,0,0,0,1,0,1,0,0,0,0,1
308,Female,44,Budget,2024-11-17,3,4,7,3,9,8,1,1,0,1,0,0,0,0,0,0,0,0
309,Male,34,Premium,2024-08-17,8,3,6,3,5,7,0,1,1,1,1,0,0,0,0,0,0,0
310,Female,39,Mid-range,2024-09-25,3,6,10,10,5,2,1,1,0,0,1,0,0,0,0,0,0,1
311,Male,47,Premium,2024-04-20,3,3,2,8,10,1,1,1,0,0,0,0,0,0,1,0,0,1
312,Male,20,Mid-range,2024-09-06,9,5,1,5,8,8,0,1,0,1,0,0,0,0,1,0,0,0
313,Female,18,Premium,2024-03-20,2,8,7,9,2,4,0,0,0,0,0,1,1,0,0,0,1,0
314,Male,25,Budget,2024-10-02,2,3,6,2,8,1,0,1,1,0,0,0,1,0,0,1,0,1
315,Female,33,Budget,2024-08-10,2,2,10,8,2,7,0,0,0,0,0,0,1,1,0,0,1,0
316,Female,44,Budget,2024-10-06,7,5,7,1,1,9,0,1,0,0,0,0,0,0,0,1,1,0
317,Non-binary,38,Budget,2025-02-18,3,9,9,6,1,7,1,0,0,1,0,0,0,0,0,0,1,0
318,Female,27,Mid-range,2025-01-19,8,6,4,4,2,2,0,1,1,1,0,0,0,0,0,0,1,1
319,Female,39,Mid-range,2024-04-09,4,7,8,2,7,2,1,0,0,0,0,0,0,0,0,1,0,1
320,Female,28,Budget,2024-12-07,1,9,1,10,10,2,0,0,0,0,0,0,1,0,1,0,0,1
321,Female,34,Budget,2024-04-27,2,8,9,6,5,9,0,0,0,1,1,0,1,0,0,0,0,0
322,Male,28,Premium,2024-05-10,3,9,2,4,4,2,1,0,0,1,1,0,0,0,1,0,0,1
323,Female,23,Budget,2024-05-01,3,5,1,10,7,10,1,1,0,0,0,0,0,0,1,0,0,0
324,Female,27,Budget,2024-06-05,5,5,5,1,8,1,1,1,1,0,0,0,0,0,0,1,0,1
325,Male,38,Budget,2024-05-13,3,5,10,1,5,6,1,1,0,0,1,1,0,0,0,1,0,0
326,Female,58,Budget,2024-07-27,2,3,9,7,9,2,0,1,0,0,0,0,1,0,0,0,0,1
327,Female,48,Mid-range,2024-12-03,9,9,6,6,8,6,0,0,1,1,0,1,0,0,0,0,0,0
328,Female,62,Budget,2025-03-10,9,8,8,7,4,2,0,0,0,0,1,0,0,0,0,0,0,1
329,Male,61,Budget,2024-07-04,8,6,6,1,4,5,0,1,1,0,1,1,0,0,0,1,0,0
330,Male,30,Budget,2025-01-26,6,6,10,5,5,10,1,1,0,1,1,0,0,0,0,0,0,0
331,Male,55,Budget,2024-11-22,6,1,4,10,3,9,1,0,1,0,1,0,0,1,0,0,0,0
332,Male,29,Mid-range,2024-04-26,8,9,4,10,10,6,0,0,1,0,0,1,0,0,0,0,0,0
333,Male,45,Budget,2024-09-07,1,8,10,6,5,10,0,0,0,1,1,0,1,0,0,0,0,0
334,Female,58,Budget,2025-03-06,6,7,5,9,1,7,1,0,1,0,0,0,0,0,0,0,1,0
335,Male,29,Budget,2024-10-04,5,4,7,4,3,9,1,1,0,1,1,0,0,0,0,0,0,0
336,Female,50,Mid-range,2024-10-07,8,8,6,4,8,3,0,0,1,1,0,1,0,0,0,0,0,0
337,Male,45,Budget,2024-11-14,7,10,4,10,8,9,0,0,1,0,0,0,0,0,0,0,0,0
338,Female,49,Mid-range,2025-02-15,6,9,1,10,7,10,1,0,0,0,0,0,0,0,1,0,0,0
339,Female,62,Budget,2024-09-19,5,8,8,4,1,1,1,0,0,1,0,0,0,0,0,0,1,1
340,Female,41,Mid-range,2025-03-08,9,9,2,10,1,2,0,0,0,0,0,0,0,0,1,0,1,1
341,Female,58,Budget,2024-06-09,6,1,2,6,2,10,1,0,0,1,0,0,0,1,1,0,1,0
342,Non-binary,23,Budget,2024-07-21,6,2,10,3,6,8,1,0,0,1,1,0,0,1,0,0,0,0
343,Female,34,Premium,2024-04-27,2,6,9,4,3,8,0,1,0,1,1,0,1,0,0,0,0,0
344,Non-binary,29,Budget,2024-10-10,9,2,3,7,7,6,0,0,1,0,0,1,0,1,0,0,0,0
345,Male,61,Mid-range,2025-03-05,2,1,5,2,2,7,0,0,1,0,0,0,1,1,0,1,1,0
346,Male,25,Mid-range,2024-07-14,4,1,7,1,4,8,1,0,0,0,1,0,0,1,0,1,0,0
347,Female,39,Mid-range,2024-08-09,5,10,4,5,10,5,1,0,1,1,0,1,0,0,0,0,0,0
348,Female,57,Premium,2024-07-28,8,6,5,9,3,10,0,1,1,0,1,0,0,0,0,0,0,0
349,Male,44,Premium,2024-11-16,1,9,7,1,3,4,0,0,0,0,1,1,1,0,0,1,0,0
350,Male,52,Premium,2024-12-12,10,1,2,4,4,5,0,0,0,1,1,1,0,1,1,0,0,0
351,Female,18,Budget,2024-05-02,10,10,4,4,7,10,0,0,1,1,0,0,0,0,0,0,0,0
352,Male,58,Budget,2024-08-04,1,1,6,2,8,9,0,0,1,0,0,0,1,1,0,1,0,0
353,Female,28,Mid-range,2024-05-14,5,3,10,3,3,7,1,1,0,1,1,0,0,0,0,0,0,0
354,Female,43,Premium,2024-11-17,5,4,7,10,4,2,1,1,0,0,1,0,0,0,0,0,0,1
355,Male,25,Budget,2024-08-30,3,7,9,4,10,3,1,0,0,1,0,1,0,0,0,0,0,0
356,Male,44,Premium,2024-04-24,4,2,8,8,10,4,1,0,0,0,0,1,0,1,0,0,0,0
357,Female,40,Budget,2024-07-07,4,7,5,5,9,9,1,0,1,1,0,0,0,0,0,0,0,0
358,Male,23,Budget,2024-04-30,10,8,7,7,6,5,0,0,0,0,1,1,0,0,0,0,0,0
359,Female,39,Mid-range,2024-05-03,6,3,4,9,5,7,1,1,1,0,1,0,0,0,0,0,0,0
360,Male,54,Mid-range,2025-02-19,3,9,6,4,7,8,1,0,1,1,0,0,0,0,0,0,0,0
361,Female,38,Budget,2024-10-25,7,10,10,2,9,1,0,0,0,0,0,0,0,0,0,1,0,1
362,Female,39,Budget,2024-07-15,4,4,9,5,5,6,1,1,0,1,1,1,0,0,0,0,0,0
363,Female,42,Budget,2024-08-27,1,9,8,2,8,7,0,0,0,0,0,0,1,0,0,1,0,0
364,Female,40,Budget,2024-06-24,9,1,2,9,9,6,0,0,0,0,0,1,0,1,1,0,0,0
365,Female,20,Budget,2024-06-15,1,7,1,1,3,10,0,0,0,0,1,0,1,0,1,1,0,0
366,Female,49,Mid-range,2024-12-25,2,1,3,4,3,8,0,0,1,1,1,0,1,1,0,0,0,0
367,Female,31,Premium,2024-09-26,7,4,8,3,6,9,0,1,0,1,1,0,0,0,0,0,0,0
368,Male,18,Budget,2024-10-16,6,8,3,3,10,9,1,0,1,1,0,0,0,0,0,0,0,0
369,Female,61,Budget,2025-03-06,8,6,3,9,5,8,0,1,1,0,1,0,0,0,0,0,0,0
370,Male,20,Premium,2024-11-09,7,3,3,2,4,8,0,1,1,0,1,0,0,0,0,1,0,0
371,Male,29,Budget,2024-04-13,5,1,6,1,5,9,1,0,1,0,1,0,0,1,0,1,0,0
372,Female,50,Budget,2024-05-28,9,3,6,5,2,7,0,1,1,1,0,0,0,0,0,0,1,0
373,Female,24,Mid-range,2024-04-09,7,3,6,8,4,8,0,1,1,0,1,0,0,0,0,0,0,0
374,Female,58,Premium,2024-04-22,10,10,1,2,6,10,0,0,0,0,1,0,0,0,1,1,0,0
375,Non-binary,58,Mid-range,2024-06-20,10,4,9,1,1,7,0,1,0,0,0,0,0,0,0,1,1,0
376,Female,52,Budget,2024-05-22,8,10,6,6,10,7,0,0,1,1,0,0,0,0,0,0,0,0
377,Male,64,Premium,2024-04-25,9,6,4,3,4,3,0,1,1,1,1,1,0,0,0,0,0,0
378,Male,51,Mid-range,2024-12-03,6,10,9,1,6,9,1,0,0,0,1,0,0,0,0,1,0,0
379,Male,19,Premium,2024-12-24,1,3,10,9,10,5,0,1,0,0,0,1,1,0,0,0,0,0
380,Male,38,Budget,2024-05-16,6,4,2,9,1,1,1,1,0,0,0,0,0,0,1,0,1,1
381,Female,26,Budget,2024-09-18,1,10,4,9,10,6,0,0,1,0,0,1,1,0,0,0,0,0
382,Female,27,Budget,2024-06-15,6,2,3,4,5,9,1,0,1,1,1,0,0,1,0,0,0,0
383,Female,26,Budget,2024-08-13,3,8,1,9,9,10,1,0,0,0,0,0,0,0,1,0,0,0
384,Male,56,Budget,2024-05-21,7,4,1,9,5,2,0,1,0,0,1,0,0,0,1,0,0,1
385,Female,20,Budget,2024-11-06,1,2,7,10,2,6,0,0,0,0,0,1,1,1,0,0,1,0
386,Female,30,Mid-range,2024-12-12,3,10,6,1,7,8,1,0,1,0,0,0,0,0,0,1,0,0
387,Female,63,Budget,2024-09-12,9,6,9,7,1,1,0,1,0,0,0,0,0,0,0,0,1,1
388,Female,35,Mid-range,2024-11-19,5,2,10,6,10,8,1,0,0,1,0,0,0,1,0,0,0,0
389,Female,54,Mid-range,2024-08-11,2,2,6,10,9,4,0,0,1,0,0,1,1,1,0,0,0,0
390,Female,60,Budget,2024-11-12,4,1,7,3,6,2,1,0,0,1,1,0,0,1,0,0,0,1
391,Male,55,Budget,2024-11-24,5,1,10,5,2,7,1,0,0,1,0,0,0,1,0,0,1,0
392,Female,36,Budget,2024-10-11,5,1,4,8,10,7,1,0,1,0,0,0,0,1,0,0,0,0
393,Female,41,Mid-range,2024-03-16,7,7,5,4,10,1,0,0,1,1,0,0,0,0,0,0,0,1
394,Male,33,Premium,2024-10-14,5,9,6,3,3,7,1,0,1,1,1,0,0,0,0,0,0,0
395,Female,22,Mid-range,2024-06-01,1,7,3,9,6,9,0,0,1,0,1,0,1,0,0,0,0,0
396,Female,40,Budget,2024-10-30,4,7,1,7,8,5,1,0,0,0,0,1,0,0,1,0,0,0
397,Female,47,Budget,2024-11-18,1,1,10,3,10,10,0,0,0,1,0,0,1,1,0,0,0,0
398,Male,26,Budget,2024-12-31,7,7,6,3,6,8,0,0,1,1,1,0,0,0,0,0,0,0
399,Non-binary,26,Budget,2024-03-24,1,3,3,10,8,10,0,1,1,0,0,0,1,0,0,0,0,0
400,Female,18,Mid-range,2025-01-01,1,5,7,8,10,1,0,1,0,0,0,0,1,0,0,0,0,1
401,Male,43,Premium,2024-07-15,7,10,1,7,5,1,0,0,0,0,1,0,0,0,1,0,0,1
402,Female,60,Budget,2024-11-13,3,5,10,9,6,9,1,1,0,0,1,0,0,0,0,0,0,0
403,Female,46,Premium,2024-08-19,9,3,3,6,9,7,0,1,1,1,0,0,0,0,0,0,0,0
404,Female,36,Premium,2025-01-24,3,5,9,8,2,3,1,1,0,0,0,1,0,0,0,0,1,0
405,Male,25,Premium,2024-09-21,9,8,4,4,9,1,0,0,1,1,0,0,0,0,0,0,0,1
406,Female,30,Premium,2024-08-19,4,10,3,3,3,6,1,0,1,1,1,1,0,0,0,0,0,0
407,Female,21,Budget,2024-04-30,4,10,2,1,9,2,1,0,0,0,0,0,0,0,1,1,0,1
408,Male,42,Mid-range,2024-08-16,9,10,10,5,7,10,0,0,0,1,0,0,0,0,0,0,0,0
409,Male,36,Mid-range,2024-06-09,7,9,6,10,1,7,0,0,1,0,0,0,0,0,0,0,1,0
410,Female,53,Premium,2024-11-29,5,6,10,10,6,8,1,1,0,0,1,0,0,0,0,0,0,0
411,Male,57,Mid-range,2024-04-01,2,10,1,10,2,2,0,0,0,0,0,0,1,0,1,0,1,1
412,Female,49,Budget,2024-09-21,6,9,3,6,3,1,1,0,1,1,1,0,0,0,0,0,0,1
413,Female,38,Mid-range,2024-08-18,4,7,6,10,7,5,1,0,1,0,0,1,0,0,0,0,0,0
414,Female,40,Premium,2025-02-13,8,4,10,5,4,1,0,1,0,1,1,0,0,0,0,0,0,1
415,Male,54,Budget,2024-09-18,6,5,3,5,8,2,1,1,1,1,0,0,0,0,0,0,0,1
416,Male,63,Premium,2024-06-22,8,7,8,6,2,2,0,0,0,1,0,0,0,0,0,0,1,1
417,Male,55,Budget,2024-09-07,4,10,3,3,1,3,1,0,1,1,0,1,0,0,0,0,1,0
418,Female,28,Budget,2024-03-22,5,3,6,6,8,2,1,1,1,1,0,0,0,0,0,0,0,1
419,Male,32,Mid-range,2024-04-08,10,3,3,5,5,10,0,1,1,1,1,0,0,0,0,0,0,0
420,Female,46,Mid-range,2024-10-25,2,10,9,4,3,7,0,0,0,1,1,0,1,0,0,0,0,0
421,Female,45,Mid-range,2024-11-20,5,3,5,2,4,6,1,1,1,0,1,1,0,0,0,1,0,0
422,Female,55,Mid-range,2024-12-28,2,7,6,2,8,7,0,0,1,0,0,0,1,0,0,1,0,0
423,Male,22,Budget,2024-04-26,9,9,6,10,6,3,0,0,1,0,1,1,0,0,0,0,0,0
424,Female,21,Budget,2024-11-21,8,6,6,2,1,2,0,1,1,0,0,0,0,0,0,1,1,1
425,Male,60,Budget,2024-12-13,8,6,4,6,3,8,0,1,1,1,1,0,0,0,0,0,0,0
426,Female,30,Mid-range,2024-12-28,1,6,2,4,6,10,0,1,0,1,1,0,1,0,1,0,0,0
427,Female,57,Mid-range,2024-11-17,4,8,8,10,1,4,1,0,0,0,0,1,0,0,0,0,1,0
428,Male,63,Mid-range,2024-09-15,7,8,5,7,8,9,0,0,1,0,0,0,0,0,0,0,0,0
429,Male,59,Mid-range,2024-05-08,7,9,8,5,4,7,0,0,0,1,1,0,0,0,0,0,0,0
430,Non-binary,34,Premium,2024-07-05,3,2,2,7,10,2,1,0,0,0,0,0,0,1,1,0,0,1
431,Female,55,Premium,2024-05-21,4,5,4,3,5,9,1,1,1,1,1,0,0,0,0,0,0,0
432,Male,61,Budget,2024-11-08,8,8,8,10,7,1,0,0,0,0,0,0,0,0,0,0,0,1
433,Male,53,Budget,2024-06-08,6,4,2,6,8,8,1,1,0,1,0,0,0,0,1,0,0,0
434,Female,28,Mid-range,2024-11-21,5,6,10,8,8,3,1,1,0,0,0,1,0,0,0,0,0,0
435,Male,40,Budget,2024-09-10,7,10,9,7,10,5,0,0,0,0,0,1,0,0,0,0,0,0
436,Female,39,Mid-range,2024-09-27,2,3,8,1,10,7,0,1,0,0,0,0,1,0,0,1,0,0
437,Female,49,Premium,2024-08-14,4,10,5,2,9,6,1,0,1,0,0,1,0,0,0,1,0,0
438,Female,52,Mid-range,2024-07-27,7,7,4,9,8,1,0,0,1,0,0,0,0,0,0,0,0,1
439,Female,30,Mid-range,2024-04-14,10,6,4,7,8,9,0,1,1,0,0,0,0,0,0,0,0,0
440,Female,55,Budget,2024-08-17,8,5,3,3,6,2,0,1,1,1,1,0,0,0,0,0,0,1
441,Male,55,Premium,2024-06-30,8,9,6,3,10,3,0,0,1,1,0,1,0,0,0,0,0,0
442,Male,48,Mid-range,2024-12-19,5,4,9,9,5,10,1,1,0,0,1,0,0,0,0,0,0,0
443,Male,39,Mid-range,2024-06-13,10,2,1,4,4,1,0,0,0,1,1,0,0,1,1,0,0,1
444,Male,25,Premium,2024-10-08,7,8,8,10,7,5,0,0,0,0,0,1,0,0,0,0,0,0
445,Female,33,Mid-range,2024-06-17,6,2,1,7,2,2,1,0,0,0,0,0,0,1,1,0,1,1
446,Female,47,Budget,2024-09-14,7,1,8,3,4,9,0,0,0,1,1,0,0,1,0,0,0,0
447,Female,48,Budget,2025-03-12,4,1,9,4,9,6,1,0,0,1,0,1,0,1,0,0,0,0
448,Female,28,Budget,2024-10-09,9,1,9,9,8,8,0,0,0,0,0,0,0,1,0,0,0,0
449,Male,18,Mid-range,2024-08-04,10,3,7,1,1,10,0,1,0,0,0,0,0,0,0,1,1,0
450,Female,57,Premium,2024-05-07,6,6,2,6,5,3,1,1,0,1,1,1,0,0,1,0,0,0
451,Male,52,Budget,2024-04-08,8,1,5,3,2,8,0,0,1,1,0,0,0,1,0,0,1,0
452,Female,34,Mid-range,2024-07-12,8,6,2,6,7,5,0,1,0,1,0,1,0,0,1,0,0,0
453,Female,43,Premium,2024-07-28,4,10,4,10,1,9,1,0,1,0,0,0,0,0,0,0,1,0
454,Female,63,Mid-range,2024-05-13,3,8,8,1,10,2,1,0,0,0,0,0,0,0,0,1,0,1
455,Female,29,Budget,2024-10-22,2,4,6,9,8,8,0,1,1,0,0,0,1,0,0,0,0,0
456,Female,51,Budget,2024-03-18,8,6,10,9,10,4,0,1,0,0,0,1,0,0,0,0,0,0
457,Female,20,Budget,2025-01-28,3,10,1,3,9,5,1,0,0,1,0,1,0,0,1,0,0,0
458,Female,51,Premium,2024-11-04,2,4,7,4,7,7,0,1,0,1,0,0,1,0,0,0,0,0
459,Female,19,Budget,2024-08-11,10,5,9,4,1,4,0,1,0,1,0,1,0,0,0,0,1,0
460,Male,50,Budget,2025-01-02,10,10,4,9,5,8,0,0,1,0,1,0,0,0,0,0,0,0
461,Female,61,Mid-range,2024-10-13,4,2,5,3,6,8,1,0,1,1,1,0,0,1,0,0,0,0
462,Female,57,Budget,2024-07-19,9,4,1,8,7,5,0,1,0,0,0,1,0,0,1,0,0,0
463,Male,54,Budget,2024-09-06,6,5,9,2,1,8,1,1,0,0,0,0,0,0,0,1,1,0
464,Female,28,Mid-range,2024-11-30,7,10,8,6,10,9,0,0,0,1,0,0,0,0,0,0,0,0
465,Non-binary,38,Budget,2024-06-08,2,7,4,9,1,7,0,0,1,0,0,0,1,0,0,0,1,0
466,Male,64,Mid-range,2025-02-19,9,10,6,10,5,1,0,0,1,0,1,0,0,0,0,0,0,1
467,Female,62,Mid-range,2024-04-10,1,1,6,10,1,6,0,0,1,0,0,1,1,1,0,0,1,0
468,Female,62,Premium,2025-01-12,8,6,1,5,8,3,0,1,0,1,0,1,0,0,1,0,0,0
469,Male,39,Budget,2025-02-21,7,9,2,10,5,10,0,0,0,0,1,0,0,0,1,0,0,0
470,Male,35,Budget,2024-12-03,9,7,7,3,3,1,0,0,0,1,1,0,0,0,0,0,0,1
471,Female,61,Premium,2024-10-23,1,7,2,1,3,4,0,0,0,0,1,1,1,0,1,1,0,0
472,Female,31,Budget,2024-07-10,4,8,4,10,2,3,1,0,1,0,0,1,0,0,0,0,1,0
473,Male,32,Mid-range,2024-03-14,9,7,2,8,7,8,0,0,0,0,0,0,0,0,1,0,0,0
474,Female,59,Budget,2024-08-04,3,10,6,2,2,5,1,0,1,0,0,1,0,0,0,1,1,0
475,Female,51,Premium,2024-12-10,7,5,6,8,10,4,0,1,1,0,0,1,0,0,0,0,0,0
476,Female,49,Budget,2025-03-07,8,10,9,5,10,4,0,0,0,1,0,1,0,0,0,0,0,0
477,Male,20,Premium,2024-08-11,1,4,4,1,9,3,0,1,1,0,0,1,1,0,0,1,0,0
478,Female,52,Premium,2024-05-01,4,6,7,10,3,9,1,1,0,0,1,0,0,0,0,0,0,0
479,Male,31,Mid-range,2024-11-08,1,9,9,7,10,3,0,0,0,0,0,1,1,0,0,0,0,0
480,Male,64,Budget,2024-08-19,7,9,2,8,9,10,0,0,0,0,0,0,0,0,1,0,0,0
481,Female,63,Budget,2024-06-20,7,9,9,3,4,2,0,0,0,1,1,0,0,0,0,0,0,1
482,Male,28,Premium,2024-05-19,6,7,7,1,2,9,1,0,0,0,0,0,0,0,0,1,1,0
483,Female,28,Budget,2024-03-14,3,2,3,5,10,6,1,0,1,1,0,1,0,1,0,0,0,0
484,Male,64,Budget,2024-06-23,4,7,6,2,10,8,1,0,1,0,0,0,0,0,0,1,0,0
485,Male,63,Budget,2024-04-22,1,1,8,4,5,8,0,0,0,1,1,0,1,1,0,0,0,0
486,Male,53,Budget,2024-06-01,5,7,10,7,4,5,1,0,0,0,1,1,0,0,0,0,0,0
487,Male,53,Mid-range,2024-06-01,4,3,10,5,5,7,1,1,0,1,1,0,0,0,0,0,0,0
488,Male,23,Budget,2025-02-11,2,6,2,5,6,4,0,1,0,1,1,1,1,0,1,0,0,0
489,Female,40,Premium,2024-04-18,6,4,6,4,4,4,1,1,1,1,1,1,0,0,0,0,0,0
490,Male,36,Mid-range,2024-04-09,4,9,4,9,4,2,1,0,1,0,1,0,0,0,0,0,0,1
491,Male,40,Mid-range,2024-10-27,5,6,10,4,2,10,1,1,0,1,0,0,0,0,0,0,1,0
492,Male,24,Budget,2024-05-29,10,3,9,5,3,5,0,1,0,1,1,1,0,0,0,0,0,0
493,Female,27,Budget,2024-04-06,8,1,7,5,8,1,0,0,0,1,0,0,0,1,0,0,0,1
494,Female,43,Mid-range,2024-11-27,1,1,1,5,10,7,0,0,0,1,0,0,1,1,1,0,0,0
495,Female,61,Budget,2024-09-12,8,2,3,3,10,1,0,0,1,1,0,0,0,1,0,0,0,1
496,Female,33,Budget,2024-05-21,6,4,6,9,10,10,1,1,1,0,0,0,0,0,0,0,0,0
497,Male,58,Mid-range,2024-03-15,5,6,6,9,4,2,1,1,1,0,1,0,0,0,0,0,0,1
498,Male,33,Budget,2024-08-24,10,9,2,8,9,10,0,0,0,0,0,0,0,0,1,0,0,0
499,Female,51,Premium,2024-10-05,7,2,1,3,4,8,0,0,0,1,1,0,0,1,1,0,0,0
500,Female,19,Budget,2024-11-23,5,4,7,8,5,10,1,1,0,0,1,0,0,0,0,0,0,0
501,Male,35,Budget,2024-09-21,2,10,6,8,6,4,0,0,1,0,1,1,1,0,0,0,0,0
502,Male,31,Mid-range,2025-02-23,4,8,9,1,4,4,1,0,0,0,1,1,0,0,0,1,0,0
503,Female,40,Budget,2024-08-19,5,4,5,8,3,7,1,1,1,0,1,0,0,0,0,0,0,0
504,Female,33,Premium,2024-06-25,7,7,1,9,6,2,0,0,0,0,1,0,0,0,1,0,0,1
505,Male,40,Mid-range,2024-09-04,1,5,3,1,3,6,0,1,1,0,1,1,1,0,0,1,0,0
506,Female,57,Premium,2024-12-08,4,3,5,9,6,9,1,1,1,0,1,0,0,0,0,0,0,0
507,Female,62,Premium,2024-12-07,9,8,7,1,4,7,0,0,0,0,1,0,0,0,0,1,0,0
508,Male,64,Premium,2025-01-14,6,10,3,4,3,1,1,0,1,1,1,0,0,0,0,0,0,1
509,Female,18,Budget,2024-09-06,4,6,8,3,1,3,1,1,0,1,0,1,0,0,0,0,1,0
510,Male,44,Budget,2024-06-11,4,4,9,7,4,3,1,1,0,0,1,1,0,0,0,0,0,0
511,Female,62,Mid-range,2024-08-25,9,6,4,5,6,3,0,1,1,1,1,1,0,0,0,0,0,0
512,Non-binary,43,Budget,2024-06-18,9,4,8,3,7,3,0,1,0,1,0,1,0,0,0,0,0,0
513,Female,31,Budget,2024-07-26,10,6,2,3,6,4,0,1,0,1,1,1,0,0,1,0,0,0
514,Female,45,Premium,2024-06-19,8,8,4,6,8,7,0,0,1,1,0,0,0,0,0,0,0,0
515,Female,21,Budget,2024-12-15,10,6,3,5,5,5,0,1,1,1,1,1,0,0,0,0,0,0
516,Female,30,Mid-range,2024-12-28,6,6,9,4,6,4,1,1,0,1,1,1,0,0,0,0,0,0
517,Female,24,Budget,2025-02-15,6,9,7,7,2,9,1,0,0,0,0,0,0,0,0,0,1,0
518,Female,46,Budget,2024-08-08,4,3,1,3,4,8,1,1,0,1,1,0,0,0,1,0,0,0
519,Female,59,Mid-range,2024-08-08,5,6,4,10,6,7,1,1,1,0,1,0,0,0,0,0,0,0
520,Female,39,Budget,2024-05-11,1,9,10,10,9,7,0,0,0,0,0,0,1,0,0,0,0,0
521,Female,50,Budget,2024-08-07,5,2,4,1,4,6,1,0,1,0,1,1,0,1,0,1,0,0
522,Male,24,Mid-range,2024-07-12,9,3,8,8,3,4,0,1,0,0,1,1,0,0,0,0,0,0
523,Male,44,Mid-range,2025-02-02,9,2,3,4,5,1,0,0,1,1,1,0,0,1,0,0,0,1
524,Female,43,Budget,2024-12-13,9,4,6,2,4,2,0,1,1,0,1,0,0,0,0,1,0,1
525,Male,24,Mid-range,2025-01-28,10,10,7,10,6,6,0,0,0,0,1,1,0,0,0,0,0,0
526,Male,39,Budget,2024-07-27,2,5,9,10,1,10,0,1,0,0,0,0,1,0,0,0,1,0
527,Female,47,Budget,2024-06-15,9,6,5,7,1,5,0,1,1,0,0,1,0,0,0,0,1,0
528,Female,56,Budget,2024-09-08,6,2,3,7,2,6,1,0,1,0,0,1,0,1,0,0,1,0
529,Female,48,Premium,2025-02-19,4,2,4,1,2,8,1,0,1,0,0,0,0,1,0,1,1,0
530,Male,23,Budget,2024-11-14,7,9,5,7,7,3,0,0,1,0,0,1,0,0,0,0,0,0
531,Female,62,Premium,2024-07-05,5,7,5,10,5,10,1,0,1,0,1,0,0,0,0,0,0,0
532,Female,32,Mid-range,2024-12-26,3,3,10,3,6,6,1,1,0,1,1,1,0,0,0,0,0,0
533,Non-binary,20,Budget,2025-01-27,7,10,4,4,3,5,0,0,1,1,1,1,0,0,0,0,0,0
534,Female,33,Mid-range,2024-07-30,9,5,9,7,7,6,0,1,0,0,0,1,0,0,0,0,0,0
535,Male,41,Mid-range,2024-05-11,1,10,8,8,1,9,0,0,0,0,0,0,1,0,0,0,1,0
536,Male,34,Mid-range,2025-02-16,9,4,9,7,6,5,0,1,0,0,1,1,0,0,0,0,0,0
537,Male,30,Budget,2024-08-05,2,9,3,8,9,8,0,0,1,0,0,0,1,0,0,0,0,0
538,Male,63,Premium,2024-12-09,3,10,8,6,8,7,1,0,0,1,0,0,0,0,0,0,0,0
539,Female,22,Budget,2024-05-16,6,2,2,2,10,7,1,0,0,0,0,0,0,1,1,1,0,0
540,Female,29,Budget,2024-05-08,2,9,7,3,3,7,0,0,0,1,1,0,1,0,0,0,0,0
541,Female,31,Premium,2024-10-13,8,9,1,3,7,6,0,0,0,1,0,1,0,0,1,0,0,0
542,Male,36,Budget,2024-12-04,7,1,3,4,1,5,0,0,1,1,0,1,0,1,0,0,1,0
543,Male,52,Budget,2024-07-20,6,7,6,6,3,8,1,0,1,1,1,0,0,0,0,0,0,0
544,Female,39,Premium,2024-10-13,8,5,9,9,1,6,0,1,0,0,0,1,0,0,0,0,1,0
545,Male,40,Budget,2024-11-30,7,2,7,1,5,9,0,0,0,0,1,0,0,1,0,1,0,0
546,Female,62,Budget,2025-01-22,8,3,8,3,10,7,0,1,0,1,0,0,0,0,0,0,0,0
547,Male,44,Budget,2024-11-21,9,5,9,5,10,8,0,1,0,1,0,0,0,0,0,0,0,0
548,Male,40,Budget,2025-01-14,6,5,1,9,2,9,1,1,0,0,0,0,0,0,1,0,1,0
549,Male,23,Premium,2024-03-23,6,6,2,8,3,7,1,1,0,0,1,0,0,0,1,0,0,0
550,Male,36,Mid-range,2024-10-11,1,4,8,3,1,4,0,1,0,1,0,1,1,0,0,0,1,0
551,Male,60,Mid-range,2024-04-18,2,3,7,3,9,6,0,1,0,1,0,1,1,0,0,0,0,0
552,Female,36,Budget,2025-02-20,8,7,2,2,9,6,0,0,0,0,0,1,0,0,1,1,0,0
553,Female,49,Premium,2024-12-15,7,10,10,9,4,2,0,0,0,0,1,0,0,0,0,0,0,1
554,Female,26,Mid-range,2024-08-16,4,8,9,9,10,4,1,0,0,0,0,1,0,0,0,0,0,0
555,Male,52,Mid-range,2024-12-10,5,7,5,4,2,2,1,0,1,1,0,0,0,0,0,0,1,1
556,Female,59,Mid-range,2024-05-19,9,8,3,9,5,3,0,0,1,0,1,1,0,0,0,0,0,0
557,Female,30,Mid-range,2024-07-10,10,8,9,4,7,2,0,0,0,1,0,0,0,0,0,0,0,1
558,Female,40,Mid-range,2024-08-02,7,5,7,10,3,5,0,1,0,0,1,1,0,0,0,0,0,0
559,Female,37,Budget,2025-01-02,1,2,9,10,7,10,0,0,0,0,0,0,1,1,0,0,0,0
560,Female,52,Budget,2024-04-29,6,4,5,3,6,3,1,1,1,1,1,1,0,0,0,0,0,0
561,Female,41,Premium,2024-03-20,9,7,3,7,1,3,0,0,1,0,0,1,0,0,0,0,1,0
562,Female,47,Budget,2024-08-05,9,6,8,3,8,2,0,1,0,1,0,0,0,0,0,0,0,1
563,Female,36,Premium,2024-08-10,7,10,2,4,9,6,0,0,0,1,0,1,0,0,1,0,0,0
564,Female,42,Budget,2024-09-05,8,10,3,2,3,6,0,0,1,0,1,1,0,0,0,1,0,0
565,Male,43,Budget,2024-11-21,6,8,7,8,3,4,1,0,0,0,1,1,0,0,0,0,0,0
566,Male,24,Budget,2024-07-10,1,8,8,6,4,3,0,0,0,1,1,1,1,0,0,0,0,0
567,Male,24,Mid-range,2024-09-16,6,7,7,9,10,5,1,0,0,0,0,1,0,0,0,0,0,0
568,Female,54,Mid-range,2024-11-17,1,3,5,3,4,3,0,1,1,1,1,1,1,0,0,0,0,0
569,Female,48,Budget,2024-08-19,8,4,7,2,2,6,0,1,0,0,0,1,0,0,0,1,1,0
570,Male,32,Premium,2024-03-24,2,4,7,8,3,9,0,1,0,0,1,0,1,0,0,0,0,0
571,Female,49,Mid-range,2024-12-21,4,1,1,2,9,2,1,0,0,0,0,0,0,1,1,1,0,1
572,Female,46,Budget,2024-03-21,9,6,8,6,2,1,0,1,0,1,0,0,0,0,0,0,1,1
573,Female,47,Budget,2024-11-11,5,5,6,3,5,2,1,1,1,1,1,0,0,0,0,0,0,1
574,Female,60,Budget,2024-03-28,10,7,2,4,5,7,0,0,0,1,1,0,0,0,1,0,0,0
575,Female,56,Premium,2024-08-24,5,4,3,9,5,8,1,1,1,0,1,0,0,0,0,0,0,0
576,Female,19,Budget,2024-10-07,4,6,6,6,2,7,1,1,1,1,0,0,0,0,0,0,1,0
577,Male,63,Premium,2024-06-26,7,1,1,1,8,4,0,0,0,0,0,1,0,1,1,1,0,0
578,Male,44,Budget,2024-04-29,1,10,9,7,4,6,0,0,0,0,1,1,1,0,0,0,0,0
579,Male,40,Mid-range,2024-11-20,8,8,1,8,2,6,0,0,0,0,0,1,0,0,1,0,1,0
580,Female,56,Premium,2024-03-24,1,2,7,6,3,10,0,0,0,1,1,0,1,1,0,0,0,0
581,Female,20,Premium,2024-09-01,2,10,7,8,6,6,0,0,0,0,1,1,1,0,0,0,0,0
582,Female,60,Budget,2024-08-27,10,9,10,3,8,3,0,0,0,1,0,1,0,0,0,0,0,0
583,Male,41,Budget,2024-12-20,8,1,6,1,1,8,0,0,1,0,0,0,0,1,0,1,1,0
584,Female,52,Budget,2025-02-10,6,4,3,9,10,2,1,1,1,0,0,0,0,0,0,0,0,1
585,Male,35,Budget,2025-01-16,1,6,7,9,8,6,0,1,0,0,0,1,1,0,0,0,0,0
586,Male,61,Budget,2024-04-26,2,1,4,5,6,5,0,0,1,1,1,1,1,1,0,0,0,0
587,Non-binary,44,Mid-range,2024-09-02,6,8,10,1,4,10,1,0,0,0,1,0,0,0,0,1,0,0
588,Female,40,Premium,2025-03-11,5,7,2,4,7,3,1,0,0,1,0,1,0,0,1,0,0,0
589,Male,34,Mid-range,2024-07-17,6,6,9,4,1,6,1,1,0,1,0,1,0,0,0,0,1,0
590,Female,23,Mid-range,2024-04-12,6,1,7,7,10,7,1,0,0,0,0,0,0,1,0,0,0,0
591,Non-binary,43,Mid-range,2024-12-06,4,7,9,5,2,7,1,0,0,1,0,0,0,0,0,0,1,0
592,Female,55,Budget,2024-09-25,10,3,3,7,2,1,0,1,1,0,0,0,0,0,0,0,1,1
593,Female,24,Premium,2024-11-30,2,7,9,1,4,6,0,0,0,0,1,1,1,0,0,1,0,0
594,Female,43,Mid-range,2024-09-03,4,5,1,1,10,3,1,1,0,0,0,1,0,0,1,1,0,0
595,Female,29,Mid-range,2024-11-19,9,1,2,10,2,4,0,0,0,0,0,1,0,1,1,0,1,0
596,Female,32,Budget,2024-09-18,6,10,1,10,9,5,1,0,0,0,0,1,0,0,1,0,0,0
597,Male,55,Budget,2024-07-27,8,8,8,1,1,8,0,0,0,0,0,0,0,0,0,1,1,0
598,Female,49,Budget,2024-05-11,8,9,4,1,1,5,0,0,1,0,0,1,0,0,0,1,1,0
599,Non-binary,57,Mid-range,2024-06-12,5,5,2,7,8,10,1,1,0,0,0,0,0,0,1,0,0,0
600,Female,37,Premium,2025-01-25,2,1,9,1,4,2,0,0,0,0,1,0,1,1,0,1,0,1
601,Female,26,Budget,2024-08-08,5,7,3,10,4,10,1,0,1,0,1,0,0,0,0,0,0,0
602,Female,63,Premium,2024-06-11,2,5,3,2,1,10,0,1,1,0,0,0,1,0,0,1,1,0
603,Female,50,Budget,2024-08-25,8,3,1,7,10,3,0,1,0,0,0,1,0,0,1,0,0,0
604,Female,24,Budget,2024-06-20,4,8,6,1,1,9,1,0,1,0,0,0,0,0,0,1,1,0
605,Male,33,Budget,2024-12-13,7,6,4,7,9,10,0,1,1,0,0,0,0,0,0,0,0,0
606,Female,50,Mid-range,2024-11-25,4,3,4,4,10,2,1,1,1,1,0,0,0,0,0,0,0,1
607,Female,29,Premium,2025-01-06,1,8,2,10,5,4,0,0,0,0,1,1,1,0,1,0,0,0
608,Male,40,Budget,2024-09-11,7,1,2,4,4,3,0,0,0,1,1,1,0,1,1,0,0,0
609,Female,19,Premium,2025-03-01,3,2,6,4,6,2,1,0,1,1,1,0,0,1,0,0,0,1
610,Female,47,Budget,2024-11-26,8,7,3,6,4,5,0,0,1,1,1,1,0,0,0,0,0,0
611,Male,24,Premium,2025-03-04,3,10,5,7,5,5,1,0,1,0,1,1,0,0,0,0,0,0
612,Female,46,Budget,2024-04-19,10,5,8,5,9,6,0,1,0,1,0,1,0,0,0,0,0,0
613,Female,52,Budget,2025-03-03,7,10,6,7,2,9,0,0,1,0,0,0,0,0,0,0,1,0
614,Female,34,Mid-range,2024-11-27,3,1,7,4,10,2,1,0,0,1,0,0,0,1,0,0,0,1
615,Female,21,Mid-range,2024-11-08,3,2,1,10,2,6,1,0,0,0,0,1,0,1,1,0,1,0
616,Female,29,Budget,2024-08-13,8,10,5,4,10,5,0,0,1,1,0,1,0,0,0,0,0,0
617,Male,53,Budget,2024-09-27,6,2,5,6,5,2,1,0,1,1,1,0,0,1,0,0,0,1
618,Female,40,Mid-range,2025-01-28,1,10,6,6,6,6,0,0,1,1,1,1,1,0,0,0,0,0
619,Female,23,Mid-range,2024-08-25,2,6,8,3,10,8,0,1,0,1,0,0,1,0,0,0,0,0
620,Male,23,Mid-range,2024-07-12,7,8,1,2,8,9,0,0,0,0,0,0,0,0,1,1,0,0
621,Female,59,Budget,2024-04-16,9,4,10,10,10,9,0,1,0,0,0,0,0,0,0,0,0,0
622,Female,57,Premium,2024-09-19,7,8,1,5,2,2,0,0,0,1,0,0,0,0,1,0,1,1
623,Female,51,Mid-range,2025-02-11,3,2,6,2,8,8,1,0,1,0,0,0,0,1,0,1,0,0
624,Female,27,Budget,2025-02-28,1,2,10,10,4,1,0,0,0,0,1,0,1,1,0,0,0,1
625,Female,21,Premium,2024-08-17,2,5,3,10,7,6,0,1,1,0,0,1,1,0,0,0,0,0
626,Male,41,Budget,2024-09-12,9,8,2,9,5,10,0,0,0,0,1,0,0,0,1,0,0,0
627,Male,46,Budget,2024-06-28,8,10,10,2,2,5,0,0,0,0,0,1,0,0,0,1,1,0
628,Male,24,Premium,2024-04-17,8,7,8,9,5,5,0,0,0,0,1,1,0,0,0,0,0,0
629,Female,58,Budget,2024-07-01,2,10,8,7,8,3,0,0,0,0,0,1,1,0,0,0,0,0
630,Female,53,Mid-range,2024-07-19,1,4,10,5,7,5,0,1,0,1,0,1,1,0,0,0,0,0
631,Male,44,Premium,2024-05-17,7,4,8,5,10,9,0,1,0,1,0,0,0,0,0,0,0,0
632,Female,54,Budget,2024-06-02,1,9,5,6,4,6,0,0,1,1,1,1,1,0,0,0,0,0
633,Female,22,Premium,2024-04-23,2,7,10,10,10,6,0,0,0,0,0,1,1,0,0,0,0,0
634,Female,24,Mid-range,2024-06-25,8,5,3,10,9,6,0,1,1,0,0,1,0,0,0,0,0,0
635,Female,27,Budget,2024-12-05,4,2,8,4,9,7,1,0,0,1,0,0,0,1,0,0,0,0
636,Female,20,Mid-range,2024-11-28,5,2,3,9,7,2,1,0,1,0,0,0,0,1,0,0,0,1
637,Female,46,Mid-range,2025-03-12,2,10,4,5,2,10,0,0,1,1,0,0,1,0,0,0,1,0
638,Male,43,Budget,2025-01-23,8,3,10,6,7,10,0,1,0,1,0,0,0,0,0,0,0,0
639,Male,40,Budget,2025-01-23,1,9,4,7,7,2,0,0,1,0,0,0,1,0,0,0,0,1
640,Female,48,Mid-range,2024-12-23,8,3,2,7,8,1,0,1,0,0,0,0,0,0,1,0,0,1
641,Female,30,Premium,2024-11-19,4,4,3,6,1,6,1,1,1,1,0,1,0,0,0,0,1,0
642,Female,29,Mid-range,2024-12-19,8,4,10,7,6,5,0,1,0,0,1,1,0,0,0,0,0,0
643,Male,45,Budget,2024-08-19,5,1,2,5,3,2,1,0,0,1,1,0,0,1,1,0,0,1
644,Male,53,Mid-range,2024-08-31,3,7,9,5,4,2,1,0,0,1,1,0,0,0,0,0,0,1
645,Male,27,Budget,2024-03-20,9,7,5,10,10,10,0,0,1,0,0,0,0,0,0,0,0,0
646,Female,38,Budget,2024-10-19,1,7,5,5,1,9,0,0,1,1,0,0,1,0,0,0,1,0
647,Female,48,Budget,2024-10-23,8,6,3,4,2,1,0,1,1,1,0,0,0,0,0,0,1,1
648,Female,50,Mid-range,2025-01-01,1,4,10,10,6,9,0,1,0,0,1,0,1,0,0,0,0,0
649,Male,38,Premium,2025-02-16,8,7,4,4,6,6,0,0,1,1,1,1,0,0,0,0,0,0
650,Non-binary,38,Mid-range,2024-06-09,6,9,3,1,1,3,1,0,1,0,0,1,0,0,0,1,1,0
651,Female,57,Budget,2024-09-10,6,7,4,4,2,5,1,0,1,1,0,1,0,0,0,0,1,0
652,Non-binary,40,Budget,2024-06-11,5,1,7,9,1,2,1,0,0,0,0,0,0,1,0,0,1,1
653,Female,24,Mid-range,2025-01-09,10,10,4,9,1,2,0,0,1,0,0,0,0,0,0,0,1,1
654,Female,36,Mid-range,2025-02-02,7,2,5,6,7,1,0,0,1,1,0,0,0,1,0,0,0,1
655,Female,62,Budget,2024-05-10,9,5,4,8,9,4,0,1,1,0,0,1,0,0,0,0,0,0
656,Male,22,Mid-range,2024-06-07,9,3,2,1,8,3,0,1,0,0,0,1,0,0,1,1,0,0
657,Female,32,Budget,2024-04-26,9,8,3,6,3,4,0,0,1,1,1,1,0,0,0,0,0,0
658,Male,62,Mid-range,2024-12-21,7,6,2,2,7,1,0,1,0,0,0,0,0,0,1,1,0,1
659,Female,48,Mid-range,2024-08-25,7,4,2,6,9,9,0,1,0,1,0,0,0,0,1,0,0,0
660,Non-binary,52,Mid-range,2024-10-05,4,7,4,9,2,6,1,0,1,0,0,1,0,0,0,0,1,0
661,Male,37,Budget,2024-09-09,7,4,8,9,1,7,0,1,0,0,0,0,0,0,0,0,1,0
662,Male,59,Budget,2024-12-29,2,10,6,7,2,2,0,0,1,0,0,0,1,0,0,0,1,1
663,Female,61,Premium,2024-11-14,4,7,9,3,7,7,1,0,0,1,0,0,0,0,0,0,0,0
664,Male,55,Premium,2025-03-10,3,2,6,2,5,2,1,0,1,0,1,0,0,1,0,1,0,1
665,Male,27,Budget,2024-07-25,1,7,8,2,4,10,0,0,0,0,1,0,1,0,0,1,0,0
666,Female,23,Mid-range,2025-03-09,10,9,3,5,8,6,0,0,1,1,0,1,0,0,0,0,0,0
667,Female,52,Premium,2024-11-25,9,5,8,6,3,8,0,1,0,1,1,0,0,0,0,0,0,0
668,Female,30,Premium,2024-04-10,6,1,4,8,1,3,1,0,1,0,0,1,0,1,0,0,1,0
669,Female,30,Budget,2024-08-09,4,10,6,7,3,3,1,0,1,0,1,1,0,0,0,0,0,0
670,Female,56,Premium,2025-01-15,9,9,5,8,10,1,0,0,1,0,0,0,0,0,0,0,0,1
671,Female,33,Mid-range,2024-11-16,3,3,8,5,10,7,1,1,0,1,0,0,0,0,0,0,0,0
672,Female,59,Mid-range,2025-02-21,3,8,7,2,6,9,1,0,0,0,1,0,0,0,0,1,0,0
673,Male,33,Budget,2024-09-28,7,7,1,6,7,6,0,0,0,1,0,1,0,0,1,0,0,0
674,Female,39,Mid-range,2024-06-08,1,8,5,1,4,1,0,0,1,0,1,0,1,0,0,1,0,1
675,Female,22,Budget,2024-12-24,6,6,5,5,3,10,1,1,1,1,1,0,0,0,0,0,0,0
676,Male,61,Mid-range,2024-03-28,1,6,6,3,2,2,0,1,1,1,0,0,1,0,0,0,1,1
677,Female,33,Budget,2024-11-05,7,5,7,4,8,10,0,1,0,1,0,0,0,0,0,0,0,0
678,Female,64,Budget,2025-01-24,6,5,7,2,5,10,1,1,0,0,1,0,0,0,0,1,0,0
679,Male,26,Premium,2025-01-08,6,10,3,7,4,3,1,0,1,0,1,1,0,0,0,0,0,0
680,Female,28,Budget,2024-12-12,10,1,5,7,6,2,0,0,1,0,1,0,0,1,0,0,0,1
681,Male,64,Mid-range,2025-01-29,1,3,3,7,1,9,0,1,1,0,0,0,1,0,0,0,1,0
682,Female,20,Budget,2024-09-06,2,2,10,5,9,2,0,0,0,1,0,0,1,1,0,0,0,1
683,Female,48,Mid-range,2024-08-07,4,6,5,1,6,1,1,1,1,0,1,0,0,0,0,1,0,1
684,Female,62,Mid-range,2025-01-25,10,8,5,1,5,3,0,0,1,0,1,1,0,0,0,1,0,0
685,Female,33,Budget,2024-04-29,5,2,6,6,10,10,1,0,1,1,0,0,0,1,0,0,0,0
686,Female,63,Premium,2025-02-20,8,8,1,5,7,6,0,0,0,1,0,1,0,0,1,0,0,0
687,Male,38,Mid-range,2024-06-15,4,8,10,2,9,9,1,0,0,0,0,0,0,0,0,1,0,0
688,Female,27,Mid-range,2024-07-24,4,4,6,5,6,7,1,1,1,1,1,0,0,0,0,0,0,0
689,Male,55,Budget,2024-12-12,6,5,1,9,9,9,1,1,0,0,0,0,0,0,1,0,0,0
690,Male,43,Budget,2025-01-30,1,8,7,5,10,7,0,0,0,1,0,0,1,0,0,0,0,0
691,Female,44,Mid-range,2024-04-17,2,9,9,5,1,7,0,0,0,1,0,0,1,0,0,0,1,0
692,Female,42,Budget,2024-05-03,3,6,10,6,5,2,1,1,0,1,1,0,0,0,0,0,0,1
693,Female,40,Premium,2025-01-07,6,5,4,7,8,4,1,1,1,0,0,1,0,0,0,0,0,0
694,Male,18,Budget,2024-04-14,9,3,7,8,6,10,0,1,0,0,1,0,0,0,0,0,0,0
695,Male,27,Mid-range,2024-06-19,4,8,1,3,6,9,1,0,0,1,1,0,0,0,1,0,0,0
696,Female,43,Budget,2024-05-20,5,3,10,2,2,7,1,1,0,0,0,0,0,0,0,1,1,0
697,Female,40,Premium,2024-03-21,7,3,7,1,10,1,0,1,0,0,0,0,0,0,0,1,0,1
698,Female,19,Premium,2024-05-29,7,4,4,2,5,4,0,1,1,0,1,1,0,0,0,1,0,0
699,Female,18,Budget,2024-12-23,3,6,4,9,7,9,1,1,1,0,0,0,0,0,0,0,0,0
700,Female,18,Budget,2024-03-22,3,6,8,4,5,5,1,1,0,1,1,1,0,0,0,0,0,0
701,Male,53,Budget,2025-02-20,2,2,9,2,6,2,0,0,0,0,1,0,1,1,0,1,0,1
702,Male,61,Mid-range,2024-12-30,7,6,10,5,1,3,0,1,0,1,0,1,0,0,0,0,1,0
703,Female,54,Budget,2025-03-11,1,3,10,7,10,3,0,1,0,0,0,1,1,0,0,0,0,0
704,Male,36,Premium,2024-04-10,2,4,7,7,3,5,0,1,0,0,1,1,1,0,0,0,0,0
705,Male,49,Premium,2024-12-03,1,5,10,9,1,1,0,1,0,0,0,0,1,0,0,0,1,1
706,Female,46,Mid-range,2024-07-14,9,6,8,10,4,2,0,1,0,0,1,0,0,0,0,0,0,1
707,Male,61,Premium,2024-08-15,3,3,2,10,6,10,1,1,0,0,1,0,0,0,1,0,0,0
708,Female,37,Premium,2024-12-11,9,9,6,4,7,1,0,0,1,1,0,0,0,0,0,0,0,1
709,Male,25,Mid-range,2024-11-07,5,6,5,9,10,1,1,1,1,0,0,0,0,0,0,0,0,1
710,Female,29,Mid-range,2025-01-04,10,9,9,10,2,3,0,0,0,0,0,1,0,0,0,0,1,0
711,Female,30,Premium,2024-05-20,3,7,7,9,2,6,1,0,0,0,0,1,0,0,0,0,1,0
712,Female,48,Mid-range,2024-06-30,2,2,5,10,10,10,0,0,1,0,0,0,1,1,0,0,0,0
713,Non-binary,42,Mid-range,2025-02-15,7,6,6,7,3,3,0,1,1,0,1,1,0,0,0,0,0,0
714,Female,41,Budget,2025-03-02,10,1,10,1,4,2,0,0,0,0,1,0,0,1,0,1,0,1
715,Female,43,Budget,2024-07-01,4,8,4,6,5,2,1,0,1,1,1,0,0,0,0,0,0,1
716,Male,47,Mid-range,2024-06-11,9,9,3,4,8,9,0,0,1,1,0,0,0,0,0,0,0,0
717,Female,32,Budget,2024-09-24,3,7,8,10,3,2,1,0,0,0,1,0,0,0,0,0,0,1
718,Female,58,Budget,2024-03-26,5,3,1,7,7,10,1,1,0,0,0,0,0,0,1,0,0,0
719,Male,22,Budget,2024-06-17,5,5,1,10,5,6,1,1,0,0,1,1,0,0,1,0,0,0
720,Male,60,Budget,2024-10-10,2,2,5,10,7,1,0,0,1,0,0,0,1,1,0,0,0,1
721,Female,55,Budget,2024-12-31,6,2,6,10,8,2,1,0,1,0,0,0,0,1,0,0,0,1
722,Female,34,Budget,2024-10-24,10,6,6,6,6,10,0,1,1,1,1,0,0,0,0,0,0,0
723,Female,39,Premium,2024-09-11,7,8,2,9,5,9,0,0,0,0,1,0,0,0,1,0,0,0
724,Male,32,Budget,2024-07-26,9,2,3,10,2,3,0,0,1,0,0,1,0,1,0,0,1,0
725,Female,59,Premium,2024-11-30,6,7,1,3,3,2,1,0,0,1,1,0,0,0,1,0,0,1
726,Male,29,Mid-range,2024-11-03,9,4,5,1,2,9,0,1,1,0,0,0,0,0,0,1,1,0
727,Male,33,Premium,2024-10-21,3,6,4,7,10,3,1,1,1,0,0,1,0,0,0,0,0,0
728,Female,59,Premium,2024-04-25,10,1,3,2,8,7,0,0,1,0,0,0,0,1,0,1,0,0
729,Female,57,Budget,2024-04-01,3,10,9,1,5,3,1,0,0,0,1,1,0,0,0,1,0,0
730,Female,55,Mid-range,2025-01-28,9,1,5,10,6,7,0,0,1,0,1,0,0,1,0,0,0,0
731,Female,62,Mid-range,2024-07-08,8,10,4,3,7,2,0,0,1,1,0,0,0,0,0,0,0,1
732,Female,40,Premium,2024-08-09,9,5,5,3,1,2,0,1,1,1,0,0,0,0,0,0,1,1
733,Non-binary,56,Mid-range,2024-11-28,5,3,7,9,2,8,1,1,0,0,0,0,0,0,0,0,1,0
734,Male,19,Mid-range,2024-07-01,5,10,5,4,5,4,1,0,1,1,1,1,0,0,0,0,0,0
735,Female,37,Mid-range,2024-04-24,2,9,10,6,9,9,0,0,0,1,0,0,1,0,0,0,0,0
736,Female,22,Premium,2024-06-08,9,9,3,3,5,2,0,0,1,1,1,0,0,0,0,0,0,1
737,Male,64,Budget,2024-10-03,5,4,5,8,8,6,1,1,1,0,0,1,0,0,0,0,0,0
738,Male,37,Mid-range,2024-05-14,2,4,10,7,9,8,0,1,0,0,0,0,1,0,0,0,0,0
739,Female,57,Mid-range,2024-08-17,2,2,4,1,5,6,0,0,1,0,1,1,1,1,0,1,0,0
740,Female,41,Premium,2025-02-25,2,7,4,10,5,7,0,0,1,0,1,0,1,0,0,0,0,0
741,Female,43,Mid-range,2024-06-07,7,5,1,1,9,5,0,1,0,0,0,1,0,0,1,1,0,0
742,Female,34,Budget,2024-10-13,4,3,5,7,8,2,1,1,1,0,0,0,0,0,0,0,0,1
743,Male,50,Premium,2024-08-06,2,9,1,6,1,3,0,0,0,1,0,1,1,0,1,0,1,0
744,Female,54,Mid-range,2025-03-02,9,4,10,10,8,5,0,1,0,0,0,1,0,0,0,0,0,0
745,Male,43,Budget,2024-07-15,1,7,3,10,8,3,0,0,1,0,0,1,1,0,0,0,0,0
746,Female,60,Budget,2025-01-06,1,9,6,8,4,9,0,0,1,0,1,0,1,0,0,0,0,0
747,Male,55,Budget,2024-08-27,6,7,1,7,1,5,1,0,0,0,0,1,0,0,1,0,1,0
748,Female,64,Budget,2025-02-10,10,9,10,6,7,10,0,0,0,1,0,0,0,0,0,0,0,0
749,Male,48,Budget,2024-03-31,1,8,4,10,8,6,0,0,1,0,0,1,1,0,0,0,0,0
750,Female,49,Budget,2024-09-12,2,5,10,9,3,8,0,1,0,0,1,0,1,0,0,0,0,0
751,Female,36,Budget,2025-02-26,3,1,7,4,7,3,1,0,0,1,0,1,0,1,0,0,0,0
752,Male,54,Budget,2024-08-11,2,10,2,4,4,4,0,0,0,1,1,1,1,0,1,0,0,0
753,Female,40,Premium,2025-01-22,3,8,2,8,5,2,1,0,0,0,1,0,0,0,1,0,0,1
754,Male,27,Mid-range,2024-06-05,3,3,5,7,8,7,1,1,1,0,0,0,0,0,0,0,0,0
755,Female,60,Premium,2024-06-26,6,5,4,2,7,5,1,1,1,0,0,1,0,0,0,1,0,0
756,Male,25,Budget,2024-03-25,3,3,5,5,10,2,1,1,1,1,0,0,0,0,0,0,0,1
757,Female,34,Premium,2024-06-28,2,6,6,3,4,2,0,1,1,1,1,0,1,0,0,0,0,1
758,Female,46,Budget,2024-06-03,7,1,6,3,8,6,0,0,1,1,0,1,0,1,0,0,0,0
759,Male,54,Budget,2024-04-26,6,2,8,6,6,8,1,0,0,1,1,0,0,1,0,0,0,0
760,Female,29,Budget,2024-07-22,8,7,7,5,2,6,0,0,0,1,0,1,0,0,0,0,1,0
761,Male,46,Premium,2024-07-19,2,2,8,8,10,6,0,0,0,0,0,1,1,1,0,0,0,0
762,Female,21,Budget,2025-01-09,5,1,1,2,8,7,1,0,0,0,0,0,0,1,1,1,0,0
763,Female,54,Mid-range,2024-11-01,8,7,7,5,2,6,0,0,0,1,0,1,0,0,0,0,1,0
764,Male,61,Budget,2024-12-20,7,6,5,3,10,10,0,1,1,1,0,0,0,0,0,0,0,0
765,Female,28,Budget,2025-01-14,7,7,7,7,2,10,0,0,0,0,0,0,0,0,0,0,1,0
766,Female,35,Budget,2024-11-14,10,9,4,9,3,7,0,0,1,0,1,0,0,0,0,0,0,0
767,Male,44,Budget,2024-04-08,4,3,3,5,1,10,1,1,1,1,0,0,0,0,0,0,1,0
768,Female,20,Budget,2024-08-24,2,2,6,6,8,2,0,0,1,1,0,0,1,1,0,0,0,1
769,Female,46,Mid-range,2024-11-22,2,7,8,5,6,1,0,0,0,1,1,0,1,0,0,0,0,1
770,Female,57,Premium,2024-06-22,1,4,1,8,5,1,0,1,0,0,1,0,1,0,1,0,0,1
771,Non-binary,51,Budget,2024-12-19,7,3,2,7,5,6,0,1,0,0,1,1,0,0,1,0,0,0
772,Female,20,Budget,2024-07-21,7,8,2,6,8,7,0,0,0,1,0,0,0,0,1,0,0,0
773,Female,63,Budget,2024-09-19,6,5,8,2,1,1,1,1,0,0,0,0,0,0,0,1,1,1
774,Female,33,Budget,2024-06-20,1,1,5,10,5,5,0,0,1,0,1,1,1,1,0,0,0,0
775,Female,30,Mid-range,2024-08-30,9,8,10,9,1,9,0,0,0,0,0,0,0,0,0,0,1,0
776,Female,27,Budget,2024-08-07,1,9,6,4,7,5,0,0,1,1,0,1,1,0,0,0,0,0
777,Male,57,Budget,2024-07-21,6,4,8,3,4,6,1,1,0,1,1,1,0,0,0,0,0,0
778,Female,33,Premium,2024-07-25,8,1,10,7,7,7,0,0,0,0,0,0,0,1,0,0,0,0
779,Female,43,Mid-range,2024-10-12,9,2,7,7,4,9,0,0,0,0,1,0,0,1,0,0,0,0
780,Female,19,Budget,2024-08-24,2,8,1,4,10,5,0,0,0,1,0,1,1,0,1,0,0,0
781,Male,49,Premium,2024-10-23,9,7,5,5,10,6,0,0,1,1,0,1,0,0,0,0,0,0
782,Female,42,Mid-range,2024-11-14,7,7,6,3,7,5,0,0,1,1,0,1,0,0,0,0,0,0
783,Female,25,Budget,2025-01-08,1,1,10,8,7,10,0,0,0,0,0,0,1,1,0,0,0,0
784,Female,46,Mid-range,2025-02-03,1,3,8,8,8,6,0,1,0,0,0,1,1,0,0,0,0,0
785,Female,58,Mid-range,2024-11-30,7,1,9,7,10,9,0,0,0,0,0,0,0,1,0,0,0,0
786,Female,49,Budget,2024-07-07,4,3,2,6,8,6,1,1,0,1,0,1,0,0,1,0,0,0
787,Male,35,Budget,2024-11-12,9,10,4,6,10,8,0,0,1,1,0,0,0,0,0,0,0,0
788,Female,45,Mid-range,2025-01-26,4,5,7,9,10,6,1,1,0,0,0,1,0,0,0,0,0,0
789,Female,25,Mid-range,2024-11-29,3,7,5,2,2,6,1,0,1,0,0,1,0,0,0,1,1,0
790,Female,61,Premium,2024-10-29,7,10,1,6,7,8,0,0,0,1,0,0,0,0,1,0,0,0
791,Male,20,Budget,2024-04-07,4,2,1,1,10,3,1,0,0,0,0,1,0,1,1,1,0,0
792,Female,62,Mid-range,2024-09-04,1,4,7,10,6,6,0,1,0,0,1,1,1,0,0,0,0,0
793,Female,53,Mid-range,2024-04-24,8,8,6,5,8,3,0,0,1,1,0,1,0,0,0,0,0,0
794,Female,36,Premium,2024-07-19,8,2,4,7,1,1,0,0,1,0,0,0,0,1,0,0,1,1
795,Male,63,Budget,2024-05-06,1,4,5,5,4,8,0,1,1,1,1,0,1,0,0,0,0,0
796,Male,59,Mid-range,2025-03-01,7,1,7,10,8,9,0,0,0,0,0,0,0,1,0,0,0,0
797,Female,21,Mid-range,2024-04-03,9,7,3,10,5,7,0,0,1,0,1,0,0,0,0,0,0,0
798,Female,29,Budget,2024-04-16,2,7,9,2,7,4,0,0,0,0,0,1,1,0,0,1,0,0
799,Female,33,Mid-range,2024-12-26,5,1,5,3,7,6,1,0,1,1,0,1,0,1,0,0,0,0
800,Female,58,Premium,2024-04-21,8,6,10,7,9,7,0,1,0,0,0,0,0,0,0,0,0,0
801,Female,60,Budget,2024-09-29,3,4,10,6,1,9,1,1,0,1,0,0,0,0,0,0,1,0
802,Male,47,Budget,2025-03-03,9,1,1,3,6,2,0,0,0,1,1,0,0,1,1,0,0,1
803,Female,50,Budget,2024-08-19,5,4,1,4,3,2,1,1,0,1,1,0,0,0,1,0,0,1
804,Male,34,Budget,2024-10-11,4,5,10,5,1,6,1,1,0,1,0,1,0,0,0,0,1,0
805,Female,39,Budget,2024-12-14,4,6,4,5,6,5,1,1,1,1,1,1,0,0,0,0,0,0
806,Female,56,Budget,2024-08-05,8,4,1,5,8,4,0,1,0,1,0,1,0,0,1,0,0,0
807,Female,20,Premium,2025-01-26,1,2,6,10,2,6,0,0,1,0,0,1,1,1,0,0,1,0
808,Male,30,Budget,2024-12-09,10,9,8,3,3,1,0,0,0,1,1,0,0,0,0,0,0,1
809,Female,31,Budget,2024-04-07,1,8,1,5,9,7,0,0,0,1,0,0,1,0,1,0,0,0
810,Male,51,Budget,2024-07-07,6,4,8,7,7,10,1,1,0,0,0,0,0,0,0,0,0,0
811,Male,23,Mid-range,2025-01-21,2,6,9,8,9,10,0,1,0,0,0,0,1,0,0,0,0,0
812,Male,55,Budget,2024-08-21,6,3,10,1,4,10,1,1,0,0,1,0,0,0,0,1,0,0
813,Male,29,Mid-range,2024-05-03,7,7,4,4,1,2,0,0,1,1,0,0,0,0,0,0,1,1
814,Male,26,Premium,2024-05-18,7,9,10,2,6,3,0,0,0,0,1,1,0,0,0,1,0,0
815,Female,20,Budget,2025-01-01,4,10,6,9,2,2,1,0,1,0,0,0,0,0,0,0,1,1
816,Male,35,Budget,2024-04-20,8,2,8,4,2,10,0,0,0,1,0,0,0,1,0,0,1,0
817,Male,59,Mid-range,2024-08-12,1,2,8,1,3,2,0,0,0,0,1,0,1,1,0,1,0,1
818,Female,40,Budget,2024-06-06,4,6,4,2,1,1,1,1,1,0,0,0,0,0,0,1,1,1
819,Female,22,Budget,2024-04-11,7,8,8,6,10,2,0,0,0,1,0,0,0,0,0,0,0,1
820,Male,18,Budget,2024-05-22,3,3,5,1,10,6,1,1,1,0,0,1,0,0,0,1,0,0
821,Male,46,Mid-range,2025-01-16,4,10,10,10,10,10,1,0,0,0,0,0,0,0,0,0,0,0
822,Female,59,Budget,2024-05-27,8,7,7,4,9,6,0,0,0,1,0,1,0,0,0,0,0,0
823,Female,18,Premium,2024-11-28,5,3,4,8,4,9,1,1,1,0,1,0,0,0,0,0,0,0
824,Female,35,Premium,2024-06-14,7,9,6,3,7,5,0,0,1,1,0,1,0,0,0,0,0,0
825,Female,54,Premium,2024-10-03,6,5,1,10,6,8,1,1,0,0,1,0,0,0,1,0,0,0
826,Female,64,Budget,2025-02-04,2,9,10,8,8,4,0,0,0,0,0,1,1,0,0,0,0,0
827,Female,42,Budget,2025-02-13,8,2,1,10,3,9,0,0,0,0,1,0,0,1,1,0,0,0
828,Female,56,Budget,2024-04-22,1,10,5,9,3,9,0,0,1,0,1,0,1,0,0,0,0,0
829,Male,39,Mid-range,2024-10-02,7,7,8,7,9,9,0,0,0,0,0,0,0,0,0,0,0,0
830,Non-binary,50,Budget,2024-07-11,6,5,2,9,10,4,1,1,0,0,0,1,0,0,1,0,0,0
831,Female,43,Budget,2024-12-02,5,4,6,3,8,6,1,1,1,1,0,1,0,0,0,0,0,0
832,Female,35,Mid-range,2024-06-15,7,2,1,7,5,1,0,0,0,0,1,0,0,1,1,0,0,1
833,Male,37,Premium,2024-09-12,9,2,1,2,7,10,0,0,0,0,0,0,0,1,1,1,0,0
834,Male,30,Budget,2024-12-04,1,7,1,1,2,10,0,0,0,0,0,0,1,0,1,1,1,0
835,Female,48,Premium,2024-08-27,9,10,8,5,2,5,0,0,0,1,0,1,0,0,0,0,1,0
836,Male,34,Mid-range,2025-01-18,9,2,5,1,4,4,0,0,1,0,1,1,0,1,0,1,0,0
837,Female,20,Mid-range,2024-07-14,7,10,2,10,6,6,0,0,0,0,1,1,0,0,1,0,0,0
838,Female,19,Mid-range,2024-04-17,1,5,8,2,5,8,0,1,0,0,1,0,1,0,0,1,0,0
839,Female,36,Budget,2024-09-16,5,4,4,5,2,9,1,1,1,1,0,0,0,0,0,0,1,0
840,Male,43,Mid-range,2024-12-13,3,10,7,4,6,4,1,0,0,1,1,1,0,0,0,0,0,0
841,Female,56,Premium,2024-10-10,3,1,6,9,8,7,1,0,1,0,0,0,0,1,0,0,0,0
842,Male,42,Premium,2024-04-25,10,10,9,4,7,9,0,0,0,1,0,0,0,0,0,0,0,0
843,Male,26,Premium,2024-05-02,3,9,5,6,2,8,1,0,1,1,0,0,0,0,0,0,1,0
844,Female,19,Budget,2024-04-17,6,8,10,5,9,1,1,0,0,1,0,0,0,0,0,0,0,1
845,Male,52,Premium,2024-06-01,6,1,3,2,9,3,1,0,1,0,0,1,0,1,0,1,0,0
846,Female,64,Mid-range,2024-11-05,1,6,10,8,10,10,0,1,0,0,0,0,1,0,0,0,0,0
847,Female,42,Budget,2024-07-28,3,8,8,3,3,6,1,0,0,1,1,1,0,0,0,0,0,0
848,Female,26,Budget,2024-10-28,5,5,4,3,5,4,1,1,1,1,1,1,0,0,0,0,0,0
849,Female,61,Mid-range,2024-12-27,5,4,4,4,9,4,1,1,1,1,0,1,0,0,0,0,0,0
850,Male,43,Budget,2024-12-26,7,10,3,8,3,1,0,0,1,0,1,0,0,0,0,0,0,1
851,Male,45,Mid-range,2024-10-21,10,6,10,9,1,4,0,1,0,0,0,1,0,0,0,0,1,0
852,Female,34,Premium,2025-02-25,2,1,8,4,3,4,0,0,0,1,1,1,1,1,0,0,0,0
853,Female,60,Mid-range,2024-06-15,6,1,2,7,1,7,1,0,0,0,0,0,0,1,1,0,1,0
854,Male,63,Mid-range,2024-12-15,8,9,6,9,4,6,0,0,1,0,1,1,0,0,0,0,0,0
855,Male,19,Mid-range,2024-04-04,1,8,9,9,2,9,0,0,0,0,0,0,1,0,0,0,1,0
856,Female,42,Premium,2024-05-07,6,4,1,6,3,6,1,1,0,1,1,1,0,0,1,0,0,0
857,Female,35,Budget,2024-08-06,2,3,10,1,7,1,0,1,0,0,0,0,1,0,0,1,0,1
858,Female,28,Premium,2024-12-27,7,3,9,8,3,5,0,1,0,0,1,1,0,0,0,0,0,0
859,Female,54,Budget,2024-06-07,10,9,7,10,2,7,0,0,0,0,0,0,0,0,0,0,1,0
860,Male,33,Budget,2024-09-03,3,4,1,6,4,1,1,1,0,1,1,0,0,0,1,0,0,1
861,Female,30,Mid-range,2025-03-03,4,1,8,4,3,9,1,0,0,1,1,0,0,1,0,0,0,0
862,Male,58,Budget,2025-03-02,2,5,4,9,5,9,0,1,1,0,1,0,1,0,0,0,0,0
863,Female,42,Mid-range,2024-11-28,1,1,1,9,8,5,0,0,0,0,0,1,1,1,1,0,0,0
864,Female,40,Budget,2024-04-02,2,1,2,1,10,10,0,0,0,0,0,0,1,1,1,1,0,0
865,Female,43,Budget,2024-06-03,8,7,3,8,2,2,0,0,1,0,0,0,0,0,0,0,1,1
866,Female,40,Budget,2025-01-09,7,4,5,10,1,4,0,1,1,0,0,1,0,0,0,0,1,0
867,Female,43,Mid-range,2025-03-02,7,4,2,3,8,8,0,1,0,1,0,0,0,0,1,0,0,0
868,Female,32,Budget,2024-07-02,9,4,1,1,10,5,0,1,0,0,0,1,0,0,1,1,0,0
869,Female,64,Budget,2025-01-18,1,6,8,5,7,10,0,1,0,1,0,0,1,0,0,0,0,0
870,Male,48,Budget,2025-01-05,9,10,10,7,5,7,0,0,0,0,1,0,0,0,0,0,0,0
871,Female,32,Budget,2024-12-11,5,8,4,9,7,10,1,0,1,0,0,0,0,0,0,0,0,0
872,Male,62,Budget,2025-02-25,6,8,3,10,10,1,1,0,1,0,0,0,0,0,0,0,0,1
873,Male,60,Mid-range,2024-05-29,2,10,8,6,7,7,0,0,0,1,0,0,1,0,0,0,0,0
874,Male,60,Premium,2024-06-09,9,7,9,10,3,3,0,0,0,0,1,1,0,0,0,0,0,0
875,Female,51,Premium,2024-12-20,3,8,6,5,1,4,1,0,1,1,0,1,0,0,0,0,1,0
876,Male,48,Budget,2024-03-24,2,3,6,4,9,5,0,1,1,1,0,1,1,0,0,0,0,0
877,Male,35,Mid-range,2024-12-25,7,3,9,5,8,6,0,1,0,1,0,1,0,0,0,0,0,0
878,Male,41,Premium,2025-02-15,3,3,5,10,3,8,1,1,1,0,1,0,0,0,0,0,0,0
879,Non-binary,63,Mid-range,2024-04-24,4,10,1,4,4,10,1,0,0,1,1,0,0,0,1,0,0,0
880,Female,42,Mid-range,2024-06-29,10,8,3,9,2,6,0,0,1,0,0,1,0,0,0,0,1,0
881,Male,56,Premium,2024-11-19,4,9,5,3,8,6,1,0,1,1,0,1,0,0,0,0,0,0
882,Female,64,Budget,2024-08-02,10,6,1,9,3,5,0,1,0,0,1,1,0,0,1,0,0,0
883,Female,48,Budget,2025-03-07,7,8,2,9,7,8,0,0,0,0,0,0,0,0,1,0,0,0
884,Male,53,Budget,2024-12-24,5,9,1,4,7,9,1,0,0,1,0,0,0,0,1,0,0,0
885,Male,28,Mid-range,2024-11-20,10,6,8,9,10,4,0,1,0,0,0,1,0,0,0,0,0,0
886,Female,35,Mid-range,2024-06-16,1,7,10,9,9,3,0,0,0,0,0,1,1,0,0,0,0,0
887,Female,32,Premium,2024-08-03,7,4,2,8,5,6,0,1,0,0,1,1,0,0,1,0,0,0
888,Female,32,Budget,2024-12-29,8,4,9,1,2,6,0,1,0,0,0,1,0,0,0,1,1,0
889,Female,34,Budget,2024-08-27,10,5,9,6,1,6,0,1,0,1,0,1,0,0,0,0,1,0
890,Male,48,Budget,2024-05-29,2,4,10,5,10,4,0,1,0,1,0,1,1,0,0,0,0,0
891,Female,24,Budget,2024-07-17,10,2,1,5,1,1,0,0,0,1,0,0,0,1,1,0,1,1
892,Female,42,Budget,2025-01-16,1,5,9,9,1,8,0,1,0,0,0,0,1,0,0,0,1,0
893,Female,22,Premium,2024-07-22,6,9,1,9,1,10,1,0,0,0,0,0,0,0,1,0,1,0
894,Female,36,Budget,2025-01-11,2,2,9,8,1,4,0,0,0,0,0,1,1,1,0,0,1,0
895,Female,29,Budget,2024-09-16,2,3,9,2,4,1,0,1,0,0,1,0,1,0,0,1,0,1
896,Male,59,Mid-range,2025-01-07,7,4,6,8,6,2,0,1,1,0,1,0,0,0,0,0,0,1
897,Male,26,Budget,2025-02-10,1,9,3,6,10,10,0,0,1,1,0,0,1,0,0,0,0,0
898,Male,63,Mid-range,2024-06-26,9,3,5,5,10,7,0,1,1,1,0,0,0,0,0,0,0,0
899,Male,42,Mid-range,2024-04-16,4,4,6,6,7,1,1,1,1,1,0,0,0,0,0,0,0,1
900,Male,58,Mid-range,2024-04-11,5,3,5,1,3,4,1,1,1,0,1,1,0,0,0,1,0,0
901,Female,43,Budget,2025-01-14,3,10,1,10,6,7,1,0,0,0,1,0,0,0,1,0,0,0
902,Male,45,Budget,2024-12-18,4,5,2,1,8,6,1,1,0,0,0,1,0,0,1,1,0,0
903,Female,30,Mid-range,2024-08-30,2,10,8,10,9,1,0,0,0,0,0,0,1,0,0,0,0,1
904,Female,30,Mid-range,2025-01-11,9,3,6,8,6,2,0,1,1,0,1,0,0,0,0,0,0,1
905,Female,28,Budget,2024-10-30,1,7,5,3,1,10,0,0,1,1,0,0,1,0,0,0,1,0
906,Female,26,Budget,2024-06-27,7,6,6,5,4,4,0,1,1,1,1,1,0,0,0,0,0,0
907,Non-binary,34,Budget,2025-01-20,4,7,1,5,3,5,1,0,0,1,1,1,0,0,1,0,0,0
908,Female,20,Budget,2024-11-17,10,8,5,4,10,5,0,0,1,1,0,1,0,0,0,0,0,0
909,Female,21,Mid-range,2024-11-04,3,10,10,8,7,2,1,0,0,0,0,0,0,0,0,0,0,1
910,Female,48,Premium,2024-12-03,1,3,3,5,3,9,0,1,1,1,1,0,1,0,0,0,0,0
911,Male,43,Budget,2024-07-23,2,1,6,3,7,5,0,0,1,1,0,1,1,1,0,0,0,0
912,Male,38,Premium,2024-12-15,5,10,9,10,3,6,1,0,0,0,1,1,0,0,0,0,0,0
913,Female,46,Premium,2024-06-08,3,1,4,6,3,1,1,0,1,1,1,0,0,1,0,0,0,1
914,Female,31,Premium,2024-10-03,1,6,1,7,3,6,0,1,0,0,1,1,1,0,1,0,0,0
915,Female,23,Budget,2025-01-31,9,1,4,10,8,10,0,0,1,0,0,0,0,1,0,0,0,0
916,Female,20,Budget,2024-07-08,4,2,1,3,7,1,1,0,0,1,0,0,0,1,1,0,0,1
917,Non-binary,20,Premium,2024-05-08,7,8,6,7,2,8,0,0,1,0,0,0,0,0,0,0,1,0
918,Male,22,Premium,2024-11-12,8,4,4,2,5,1,0,1,1,0,1,0,0,0,0,1,0,1
919,Male,51,Budget,2024-05-28,1,4,7,6,10,1,0,1,0,1,0,0,1,0,0,0,0,1
920,Male,33,Premium,2025-01-30,7,8,10,7,2,4,0,0,0,0,0,1,0,0,0,0,1,0
921,Male,59,Mid-range,2024-07-14,3,10,9,10,3,8,1,0,0,0,1,0,0,0,0,0,0,0
922,Female,20,Mid-range,2024-10-17,2,8,9,2,7,5,0,0,0,0,0,1,1,0,0,1,0,0
923,Female,39,Mid-range,2025-03-04,5,7,4,8,10,5,1,0,1,0,0,1,0,0,0,0,0,0
924,Male,50,Budget,2024-12-14,4,10,9,10,6,1,1,0,0,0,1,0,0,0,0,0,0,1
925,Male,47,Mid-range,2024-06-22,7,3,2,10,8,4,0,1,0,0,0,1,0,0,1,0,0,0
926,Female,54,Budget,2025-02-04,1,4,6,10,8,3,0,1,1,0,0,1,1,0,0,0,0,0
927,Male,50,Budget,2025-02-22,8,8,9,6,6,2,0,0,0,1,1,0,0,0,0,0,0,1
928,Non-binary,31,Mid-range,2024-06-21,4,4,1,3,5,6,1,1,0,1,1,1,0,0,1,0,0,0
929,Female,44,Mid-range,2024-05-20,9,8,2,1,1,6,0,0,0,0,0,1,0,0,1,1,1,0
930,Female,33,Premium,2025-02-16,2,1,3,6,8,3,0,0,1,1,0,1,1,1,0,0,0,0
931,Female,57,Budget,2024-06-14,2,5,1,2,9,7,0,1,0,0,0,0,1,0,1,1,0,0
932,Female,64,Budget,2025-02-12,7,5,9,6,6,4,0,1,0,1,1,1,0,0,0,0,0,0
933,Male,34,Premium,2024-07-29,9,8,8,5,9,3,0,0,0,1,0,1,0,0,0,0,0,0
934,Male,39,Mid-range,2024-09-21,9,9,2,2,7,4,0,0,0,0,0,1,0,0,1,1,0,0
935,Female,51,Premium,2025-01-18,5,3,7,7,2,7,1,1,0,0,0,0,0,0,0,0,1,0
936,Female,30,Budget,2024-12-03,2,7,5,6,1,7,0,0,1,1,0,0,1,0,0,0,1,0
937,Female,19,Mid-range,2024-06-18,2,5,6,8,1,1,0,1,1,0,0,0,1,0,0,0,1,1
938,Female,30,Mid-range,2024-12-22,9,7,7,8,5,5,0,0,0,0,1,1,0,0,0,0,0,0
939,Male,23,Budget,2024-10-10,5,2,10,5,8,2,1,0,0,1,0,0,0,1,0,0,0,1
940,Female,50,Premium,2024-07-28,1,7,8,3,3,7,0,0,0,1,1,0,1,0,0,0,0,0
941,Female,57,Mid-range,2024-04-17,7,2,1,6,8,1,0,0,0,1,0,0,0,1,1,0,0,1
942,Female,48,Budget,2024-12-19,4,1,9,3,10,4,1,0,0,1,0,1,0,1,0,0,0,0
943,Female,22,Mid-range,2024-09-19,7,8,4,7,4,3,0,0,1,0,1,1,0,0,0,0,0,0
944,Male,47,Mid-range,2024-06-07,9,5,7,6,10,5,0,1,0,1,0,1,0,0,0,0,0,0
945,Male,43,Budget,2025-02-01,3,2,3,1,8,6,1,0,1,0,0,1,0,1,0,1,0,0
946,Male,28,Mid-range,2024-04-01,3,8,6,4,8,9,1,0,1,1,0,0,0,0,0,0,0,0
947,Male,48,Mid-range,2025-01-16,5,10,3,8,8,5,1,0,1,0,0,1,0,0,0,0,0,0
948,Female,49,Budget,2024-07-07,2,9,4,2,10,1,0,0,1,0,0,0,1,0,0,1,0,1
949,Female,53,Budget,2025-01-02,6,1,10,6,9,2,1,0,0,1,0,0,0,1,0,0,0,1
950,Female,33,Mid-range,2024-05-29,8,7,9,7,1,2,0,0,0,0,0,0,0,0,0,0,1,1
951,Female,30,Mid-range,2024-08-23,6,6,1,5,10,3,1,1,0,1,0,1,0,0,1,0,0,0
952,Male,24,Mid-range,2024-09-22,10,2,6,8,4,9,0,0,1,0,1,0,0,1,0,0,0,0
953,Male,57,Budget,2025-02-08,7,3,6,5,1,3,0,1,1,1,0,1,0,0,0,0,1,0
954,Female,20,Premium,2024-03-14,9,3,6,6,7,9,0,1,1,1,0,0,0,0,0,0,0,0
955,Male,50,Budget,2024-10-05,8,5,9,10,5,5,0,1,0,0,1,1,0,0,0,0,0,0
956,Female,47,Mid-range,2024-05-01,3,10,9,7,1,3,1,0,0,0,0,1,0,0,0,0,1,0
957,Female,42,Budget,2024-07-30,5,2,1,7,2,1,1,0,0,0,0,0,0,1,1,0,1,1
958,Female,59,Mid-range,2024-11-19,3,3,9,4,9,4,1,1,0,1,0,1,0,0,0,0,0,0
959,Female,55,Mid-range,2024-04-29,1,3,5,6,1,9,0,1,1,1,0,0,1,0,0,0,1,0
960,Male,30,Budget,2024-05-16,2,8,3,6,2,7,0,0,1,1,0,0,1,0,0,0,1,0
961,Male,47,Mid-range,2024-09-11,7,8,3,5,2,10,0,0,1,1,0,0,0,0,0,0,1,0
962,Male,58,Premium,2024-08-05,7,10,10,8,9,6,0,0,0,0,0,1,0,0,0,0,0,0
963,Non-binary,27,Budget,2025-01-31,4,9,7,2,8,7,1,0,0,0,0,0,0,0,0,1,0,0
964,Male,34,Mid-range,2024-09-28,2,4,6,4,9,4,0,1,1,1,0,1,1,0,0,0,0,0
965,Female,43,Mid-range,2024-07-09,3,6,3,2,5,1,1,1,1,0,1,0,0,0,0,1,0,1
966,Male,62,Budget,2024-12-06,7,6,9,5,4,3,0,1,0,1,1,1,0,0,0,0,0,0
967,Male,40,Premium,2024-12-11,1,3,8,9,7,7,0,1,0,0,0,0,1,0,0,0,0,0
968,Female,60,Mid-range,2025-02-15,3,1,7,1,1,9,1,0,0,0,0,0,0,1,0,1,1,0
969,Male,60,Mid-range,2025-01-21,6,1,7,6,4,7,1,0,0,1,1,0,0,1,0,0,0,0
970,Male,20,Premium,2024-11-24,5,8,1,4,4,5,1,0,0,1,1,1,0,0,1,0,0,0
971,Non-binary,32,Budget,2024-09-12,7,3,6,8,7,10,0,1,1,0,0,0,0,0,0,0,0,0
972,Female,34,Budget,2024-10-10,10,7,3,2,4,3,0,0,1,0,1,1,0,0,0,1,0,0
973,Female,55,Premium,2024-07-12,2,7,10,7,4,8,0,0,0,0,1,0,1,0,0,0,0,0
974,Non-binary,46,Budget,2024-10-06,7,10,3,10,5,3,0,0,1,0,1,1,0,0,0,0,0,0
975,Male,60,Premium,2024-12-26,1,9,9,5,9,10,0,0,0,1,0,0,1,0,0,0,0,0
976,Female,22,Budget,2024-06-01,8,4,10,3,6,8,0,1,0,1,1,0,0,0,0,0,0,0
977,Male,47,Budget,2024-04-11,2,2,9,2,2,3,0,0,0,0,0,1,1,1,0,1,1,0
978,Male,40,Premium,2024-07-07,4,9,2,10,1,10,1,0,0,0,0,0,0,0,1,0,1,0
979,Female,37,Budget,2024-10-01,8,2,9,4,1,4,0,0,0,1,0,1,0,1,0,0,1,0
980,Female,25,Budget,2024-11-02,6,10,5,10,10,7,1,0,1,0,0,0,0,0,0,0,0,0
981,Male,27,Budget,2025-01-01,4,3,2,5,4,8,1,1,0,1,1,0,0,0,1,0,0,0
982,Female,61,Mid-range,2024-04-03,10,9,9,5,3,2,0,0,0,1,1,0,0,0,0,0,0,1
983,Female,27,Mid-range,2024-06-15,7,1,1,10,2,10,0,0,0,0,0,0,0,1,1,0,1,0
984,Male,50,Budget,2025-02-16,3,1,8,6,9,3,1,0,0,1,0,1,0,1,0,0,0,0
985,Female,29,Mid-range,2024-12-17,1,3,6,8,4,5,0,1,1,0,1,1,1,0,0,0,0,0
986,Female,40,Budget,2024-06-23,4,5,5,8,9,2,1,1,1,0,0,0,0,0,0,0,0,1
987,Male,34,Budget,2024-11-08,7,2,2,1,10,2,0,0,0,0,0,0,0,1,1,1,0,1
988,Male,58,Budget,2024-06-21,2,10,10,9,7,1,0,0,0,0,0,0,1,0,0,0,0,1
989,Female,26,Mid-range,2024-07-10,3,1,7,6,10,4,1,0,0,1,0,1,0,1,0,0,0,0
990,Female,33,Budget,2024-11-08,6,10,8,3,4,10,1,0,0,1,1,0,0,0,0,0,0,0
991,Female,18,Budget,2024-11-18,10,10,9,8,4,7,0,0,0,0,1,0,0,0,0,0,0,0
992,Female,53,Mid-range,2024-11-23,5,2,10,6,10,1,1,0,0,1,0,0,0,1,0,0,0,1
993,Female,36,Mid-range,2024-12-18,9,3,6,9,2,7,0,1,1,0,0,0,0,0,0,0,1,0
994,Male,58,Budget,2024-08-21,10,9,4,3,2,9,0,0,1,1,0,0,0,0,0,0,1,0
995,Female,22,Budget,2024-10-26,4,6,5,4,9,6,1,1,1,1,0,1,0,0,0,0,0,0
996,Female,59,Budget,2024-09-03,10,6,1,5,10,6,0,1,0,1,0,1,0,0,1,0,0,0
997,Male,64,Budget,2024-09-14,3,2,4,8,8,3,1,0,1,0,0,1,0,1,0,0,0,0
998,Female,51,Budget,2024-12-22,5,3,2,9,1,9,1,1,0,0,0,0,0,0,1,0,1,0
999,Female,56,Budget,2024-03-18,3,3,1,4,2,10,1,1,0,1,0,0,0,0,1,0,1,0
1000,Male,23,Premium,2024-09-02,1,3,5,8,9,7,0,1,1,0,0,0,1,0,0,0,0,0
